TAP version 13
# Subtest: ticking and unticking
    # Subtest: ticks
    ok 1 - ticks
      ---
      duration_ms: 80.472181
      type: 'test'
      ...
    # Subtest: unticks one ticked by mistake
    ok 2 - unticks one ticked by mistake
      ---
      duration_ms: 95.421642
      type: 'test'
      ...
    # Subtest: drops the met-at timestamp when unticking
    ok 3 - drops the met-at timestamp when unticking
      ---
      duration_ms: 99.441193
      type: 'test'
      ...
    # Subtest: keeps the criterion's text and position
    ok 4 - keeps the criterion's text and position
      ---
      duration_ms: 134.913513
      type: 'test'
      ...
    # Subtest: does not reopen a task that is already done
    ok 5 - does not reopen a task that is already done
      ---
      duration_ms: 103.597927
      type: 'test'
      ...
    # Subtest: refuses an index that does not exist, and an unknown task
    ok 6 - refuses an index that does not exist, and an unknown task
      ---
      duration_ms: 52.465843
      type: 'test'
      ...
    # Subtest: logs which way it went
    ok 7 - logs which way it went
      ---
      duration_ms: 98.698336
      type: 'test'
      ...
    1..7
ok 1 - ticking and unticking
  ---
  duration_ms: 666.522967
  type: 'suite'
  ...
# Subtest: removing
    # Subtest: removes a criterion added by mistake
    ok 1 - removes a criterion added by mistake
      ---
      duration_ms: 66.529842
      type: 'test'
      ...
    # Subtest: returns the surviving list, because removal renumbers what follows
    ok 2 - returns the surviving list, because removal renumbers what follows
      ---
      duration_ms: 82.671437
      type: 'test'
      ...
    # Subtest: keeps the tick state of everything else
    ok 3 - keeps the tick state of everything else
      ---
      duration_ms: 97.201188
      type: 'test'
      ...
    # Subtest: can empty the list, which ungates a task nothing could close
    ok 4 - can empty the list, which ungates a task nothing could close
      ---
      duration_ms: 60.131688
      type: 'test'
      ...
    # Subtest: refuses an index that does not exist
    ok 5 - refuses an index that does not exist
      ---
      duration_ms: 42.223963
      type: 'test'
      ...
    # Subtest: records what it removed, since the text is otherwise gone
    ok 6 - records what it removed, since the text is otherwise gone
      ---
      duration_ms: 68.640478
      type: 'test'
      ...
    1..6
ok 2 - removing
  ---
  duration_ms: 418.146078
  type: 'suite'
  ...
# Subtest: actor
    # Subtest: is the main thread by default
    ok 1 - is the main thread by default
      ---
      duration_ms: 1.421746
      type: 'test'
      ...
    # Subtest: takes an explicit TM_ACTOR over anything inferred
    ok 2 - takes an explicit TM_ACTOR over anything inferred
      ---
      duration_ms: 0.394841
      type: 'test'
      ...
    # Subtest: recognises a named teammate
    ok 3 - recognises a named teammate
      ---
      duration_ms: 0.216629
      type: 'test'
      ...
    # Subtest: stays 'main' when the child-session flag is the only signal
    ok 4 - stays 'main' when the child-session flag is the only signal
      ---
      duration_ms: 0.186931
      type: 'test'
      ...
    # Subtest: infers an anonymous subagent only when explicitly asked to
    not ok 5 - infers an anonymous subagent only when explicitly asked to
      ---
      duration_ms: 0.79797
      type: 'test'
      location: '/home/ryan/Documents/GitHub/ByteDeskAI/bytedesk-marketplace/.bytedesk/worktrees/TM-426-stop-worker-cannot-release-a-worker-that-exited-/task-management/tests/unit/actor.test.mjs:77:3'
      failureType: 'testCodeFailure'
      error: 'keep enough of the session id to tell two subagents apart'
      code: 'ERR_ASSERTION'
      name: 'AssertionError'
      expected:
      actual: 'fd2b831f'
      operator: 'match'
      stack: |-
        TestContext.<anonymous> (file:///home/ryan/Documents/GitHub/ByteDeskAI/bytedesk-marketplace/.bytedesk/worktrees/TM-426-stop-worker-cannot-release-a-worker-that-exited-/task-management/tests/unit/actor.test.mjs:83:12)
        Test.runInAsyncScope (node:async_hooks:214:14)
        Test.run (node:internal/test_runner/test:1047:25)
        Suite.processPendingSubtests (node:internal/test_runner/test:744:18)
        Test.postRun (node:internal/test_runner/test:1173:19)
        Test.run (node:internal/test_runner/test:1101:12)
        async Suite.processPendingSubtests (node:internal/test_runner/test:744:7)
      ...
    # Subtest: renders a short label for the board
    ok 6 - renders a short label for the board
      ---
      duration_ms: 0.247279
      type: 'test'
      ...
    1..6
not ok 3 - actor
  ---
  duration_ms: 4.716701
  type: 'suite'
  location: '/home/ryan/Documents/GitHub/ByteDeskAI/bytedesk-marketplace/.bytedesk/worktrees/TM-426-stop-worker-cannot-release-a-worker-that-exited-/task-management/tests/unit/actor.test.mjs:51:1'
  failureType: 'subtestsFailed'
  error: '1 subtest failed'
  code: 'ERR_TEST_FAILURE'
  ...
# Subtest: attribution on the board
    # Subtest: stamps events with the actor
    ok 1 - stamps events with the actor
      ---
      duration_ms: 5.033669
      type: 'test'
      ...
    # Subtest: keeps the actor that last touched a task
    ok 2 - keeps the actor that last touched a task
      ---
      duration_ms: 111.397003
      type: 'test'
      ...
    1..2
ok 4 - attribution on the board
  ---
  duration_ms: 116.862208
  type: 'suite'
  ...
# Subtest: shouldCapture
    # Subtest: captures a question that offered real alternatives
    ok 1 - captures a question that offered real alternatives
      ---
      duration_ms: 1.379837
      type: 'test'
      ...
    # Subtest: skips a single-option clarification, and says why
    ok 2 - skips a single-option clarification, and says why
      ---
      duration_ms: 0.259014
      type: 'test'
      ...
    # Subtest: skips a yes/no confirmation
    ok 3 - skips a yes/no confirmation
      ---
      duration_ms: 0.280397
      type: 'test'
      ...
    # Subtest: skips an answer that matches no option — the user typed their own
    ok 4 - skips an answer that matches no option — the user typed their own
      ---
      duration_ms: 0.249908
      type: 'test'
      ...
    # Subtest: skips when the tool response never arrived
    ok 5 - skips when the tool response never arrived
      ---
      duration_ms: 0.212607
      type: 'test'
      ...
    # Subtest: captures a multiSelect answer with several picks
    ok 6 - captures a multiSelect answer with several picks
      ---
      duration_ms: 0.205662
      type: 'test'
      ...
    # Subtest: captureDecisions:true overrides the smart rules
    ok 7 - captureDecisions:true overrides the smart rules
      ---
      duration_ms: 0.25135
      type: 'test'
      ...
    # Subtest: captureDecisions:false never captures
    ok 8 - captureDecisions:false never captures
      ---
      duration_ms: 0.259728
      type: 'test'
      ...
    # Subtest: treats 'smart' as the same rules as the default
    ok 9 - treats 'smart' as the same rules as the default
      ---
      duration_ms: 1.252181
      type: 'test'
      ...
    1..9
ok 5 - shouldCapture
  ---
  duration_ms: 7.834082
  type: 'suite'
  ...
# Subtest: decisionKey
    # Subtest: is stable for the same question set
    ok 1 - is stable for the same question set
      ---
      duration_ms: 0.950003
      type: 'test'
      ...
    # Subtest: ignores the answer — the same question decided differently is the same decision
    ok 2 - ignores the answer — the same question decided differently is the same decision
      ---
      duration_ms: 0.17057
      type: 'test'
      ...
    # Subtest: differs for a different question set
    ok 3 - differs for a different question set
      ---
      duration_ms: 0.168976
      type: 'test'
      ...
    # Subtest: is short enough to sit in frontmatter
    ok 4 - is short enough to sit in frontmatter
      ---
      duration_ms: 0.200783
      type: 'test'
      ...
    1..4
ok 6 - decisionKey
  ---
  duration_ms: 1.813058
  type: 'suite'
  ...
# Subtest: renderDecision
    # Subtest: titles the decision, not the topic
    ok 1 - titles the decision, not the topic
      ---
      duration_ms: 0.166178
      type: 'test'
      ...
    # Subtest: has the three ADR sections
    ok 2 - has the three ADR sections
      ---
      duration_ms: 0.124087
      type: 'test'
      ...
    # Subtest: records the rejected options with their descriptions
    ok 3 - records the rejected options with their descriptions
      ---
      duration_ms: 0.10747
      type: 'test'
      ...
    # Subtest: puts the rejected options inside the Decision section
    ok 4 - puts the rejected options inside the Decision section
      ---
      duration_ms: 0.095308
      type: 'test'
      ...
    1..4
ok 7 - renderDecision
  ---
  duration_ms: 0.669868
  type: 'suite'
  ...
# Subtest: upsertDecision
    # Subtest: creates one ADR carrying the decision key
    ok 1 - creates one ADR carrying the decision key
      ---
      duration_ms: 63.421689
      type: 'test'
      ...
    # Subtest: updates the existing ADR when the same question is asked again
    ok 2 - updates the existing ADR when the same question is asked again
      ---
      duration_ms: 66.534732
      type: 'test'
      ...
    # Subtest: writes nothing when the rules say skip, and reports why
    ok 3 - writes nothing when the rules say skip, and reports why
      ---
      duration_ms: 1.256419
      type: 'test'
      ...
    # Subtest: writes epic on create when one is passed
    ok 4 - writes epic on create when one is passed
      ---
      duration_ms: 107.449848
      type: 'test'
      ...
    1..4
ok 8 - upsertDecision
  ---
  duration_ms: 238.955762
  type: 'suite'
  ...
# Subtest: decisionEventName
    # Subtest: maps upsertDecision's action, not a nonexistent created flag
    ok 1 - maps upsertDecision's action, not a nonexistent created flag
      ---
      duration_ms: 1.313895
      type: 'test'
      ...
    1..1
ok 9 - decisionEventName
  ---
  duration_ms: 1.515715
  type: 'suite'
  ...
# Subtest: captureDecision hook (BDM-70)
    # Subtest: logs decision_captured, inherits activeEpic, and revises as decision_updated
    ok 1 - logs decision_captured, inherits activeEpic, and revises as decision_updated
      ---
      duration_ms: 439.141887
      type: 'test'
      ...
    1..1
ok 10 - captureDecision hook (BDM-70)
  ---
  duration_ms: 439.286605
  type: 'suite'
  ...
# Subtest: agent-first documentation (TM-074)
    # Subtest: README links docs/agent-first.md and names the four harnesses
    ok 1 - README links docs/agent-first.md and names the four harnesses
      ---
      duration_ms: 3.879222
      type: 'test'
      ...
    # Subtest: docs/agent-first.md covers every agent-first CLI verb, flags, and refusals
    ok 2 - docs/agent-first.md covers every agent-first CLI verb, flags, and refusals
      ---
      duration_ms: 4.369945
      type: 'test'
      ...
    # Subtest: parity table lists all 46 MCP tools and the HTTP twins for dispatch/collect/caps/agents
    ok 3 - parity table lists all 46 MCP tools and the HTTP twins for dispatch/collect/caps/agents
      ---
      duration_ms: 2.763458
      type: 'test'
      ...
    # Subtest: the agent-first docs describe computed readiness and the human veto
    ok 4 - the agent-first docs describe computed readiness and the human veto
      ---
      duration_ms: 1.313888
      type: 'test'
      ...
    # Subtest: the agent-first docs describe the pool as on by default, with a brake
    ok 5 - the agent-first docs describe the pool as on by default, with a brake
      ---
      duration_ms: 0.960205
      type: 'test'
      ...
    # Subtest: the agent-first docs describe the worker guard and the PR finish line
    ok 6 - the agent-first docs describe the worker guard and the PR finish line
      ---
      duration_ms: 1.053724
      type: 'test'
      ...
    # Subtest: no doc still calls the pool opt-in, or the triage label hand-applied
    ok 7 - no doc still calls the pool opt-in, or the triage label hand-applied
      ---
      duration_ms: 14.520679
      type: 'test'
      ...
    # Subtest: skills cross-link dispatch → pool → collect → events
    ok 8 - skills cross-link dispatch → pool → collect → events
      ---
      duration_ms: 4.15653
      type: 'test'
      ...
    1..8
ok 11 - agent-first documentation (TM-074)
  ---
  duration_ms: 36.104128
  type: 'suite'
  ...
# Subtest: registerAgent
    # Subtest: registers an agent and logs agent_registered
    ok 1 - registers an agent and logs agent_registered
      ---
      duration_ms: 5.084423
      type: 'test'
      ...
    # Subtest: upserts: re-registering keeps registeredAt, refreshes heartbeat, revives a dead record
    ok 2 - upserts: re-registering keeps registeredAt, refreshes heartbeat, revives a dead record
      ---
      duration_ms: 2.756445
      type: 'test'
      ...
    # Subtest: refuses a registration with no name
    ok 3 - refuses a registration with no name
      ---
      duration_ms: 2.484847
      type: 'test'
      ...
    1..3
ok 12 - registerAgent
  ---
  duration_ms: 11.479034
  type: 'suite'
  ...
# Subtest: heartbeatAgent
    # Subtest: refreshes heartbeatAt and logs nothing
    ok 1 - refreshes heartbeatAt and logs nothing
      ---
      duration_ms: 3.067353
      type: 'test'
      ...
    # Subtest: returns null for a name that was never registered
    ok 2 - returns null for a name that was never registered
      ---
      duration_ms: 2.977173
      type: 'test'
      ...
    1..2
ok 13 - heartbeatAgent
  ---
  duration_ms: 6.36553
  type: 'suite'
  ...
# Subtest: listAgents — liveness is derived
    # Subtest: a live pid is alive, an impossible pid with a stale heartbeat is not
    ok 1 - a live pid is alive, an impossible pid with a stale heartbeat is not
      ---
      duration_ms: 13.498838
      type: 'test'
      ...
    # Subtest: a fresh heartbeat keeps a pid-less agent alive; agentTtlMinutes sets the window
    ok 2 - a fresh heartbeat keeps a pid-less agent alive; agentTtlMinutes sets the window
      ---
      duration_ms: 6.184891
      type: 'test'
      ...
    # Subtest: a reaped agent stays dead in the listing even when its heartbeat is freshened
    ok 3 - a reaped agent stays dead in the listing even when its heartbeat is freshened
      ---
      duration_ms: 3.108373
      type: 'test'
      ...
    1..3
ok 14 - listAgents — liveness is derived
  ---
  duration_ms: 23.309457
  type: 'suite'
  ...
# Subtest: reapAgents
    # Subtest: marks the quiet ones dead, logs agent_reaped with their names, and returns them
    ok 1 - marks the quiet ones dead, logs agent_reaped with their names, and returns them
      ---
      duration_ms: 2.966544
      type: 'test'
      ...
    # Subtest: is idempotent: a second pass reaps nothing and logs nothing new
    ok 2 - is idempotent: a second pass reaps nothing and logs nothing new
      ---
      duration_ms: 2.818176
      type: 'test'
      ...
    1..2
ok 15 - reapAgents
  ---
  duration_ms: 6.011441
  type: 'suite'
  ...
# Subtest: agents.json on disk
    # Subtest: survives a simulated crash: a staging file never becomes the registry
    ok 1 - survives a simulated crash: a staging file never becomes the registry
      ---
      duration_ms: 1.603166
      type: 'test'
      ...
    1..1
ok 16 - agents.json on disk
  ---
  duration_ms: 3.883276
  type: 'suite'
  ...
# Subtest: dispatch auto-registration
    # Subtest: registers the worker on a successful dispatch — name, backend, run, pid, session
    ok 1 - registers the worker on a successful dispatch — name, backend, run, pid, session
      ---
      duration_ms: 797.550585
      type: 'test'
      ...
    # Subtest: tolerates a backend that reports no pid
    ok 2 - tolerates a backend that reports no pid
      ---
      duration_ms: 802.146517
      type: 'test'
      ...
    # Subtest: registers nothing when the dispatch fails
    ok 3 - registers nothing when the dispatch fails
      ---
      duration_ms: 898.649554
      type: 'test'
      ...
    # Subtest: never lets a registry error fail the dispatch
    ok 4 - never lets a registry error fail the dispatch
      ---
      duration_ms: 627.587722
      type: 'test'
      ...
    1..4
ok 17 - dispatch auto-registration
  ---
  duration_ms: 3126.306582
  type: 'suite'
  ...
# Subtest: the git contract
    # Subtest: lists agents.json as per-machine, the way state.json is listed
    ok 1 - lists agents.json as per-machine, the way state.json is listed
      ---
      duration_ms: 1.57977
      type: 'test'
      ...
    1..1
ok 18 - the git contract
  ---
  duration_ms: 1.73428
  type: 'suite'
  ...
# Subtest: renderAgents
    # Subtest: renders one line per agent, dead first-class
    ok 1 - renders one line per agent, dead first-class
      ---
      duration_ms: 2.89634
      type: 'test'
      ...
    # Subtest: says so when nobody is registered
    ok 2 - says so when nobody is registered
      ---
      duration_ms: 0.129041
      type: 'test'
      ...
    1..2
ok 19 - renderAgents
  ---
  duration_ms: 3.722104
  type: 'suite'
  ...
# Subtest: board identity
    # Subtest: names a repo by its origin remote, so a clone is the same board
    ok 1 - names a repo by its origin remote, so a clone is the same board
      ---
      duration_ms: 25.323783
      type: 'test'
      ...
    # Subtest: falls back to the directory name when there is no remote
    ok 2 - falls back to the directory name when there is no remote
      ---
      duration_ms: 19.050497
      type: 'test'
      ...
    1..2
ok 20 - board identity
  ---
  duration_ms: 48.319358
  type: 'suite'
  ...
# Subtest: identity is derived, not declared (TM-041)
    # Subtest: reads the identity from git, ignoring whatever the file says
    ok 1 - reads the identity from git, ignoring whatever the file says
      ---
      duration_ms: 33.980482
      type: 'test'
      ...
    # Subtest: says when the stored copy has drifted from git, rather than re-labelling silently
    ok 2 - says when the stored copy has drifted from git, rather than re-labelling silently
      ---
      duration_ms: 91.270783
      type: 'test'
      ...
    # Subtest: keeps a renamed board's own history writable
    ok 3 - keeps a renamed board's own history writable
      ---
      duration_ms: 87.91198
      type: 'test'
      ...
    # Subtest: marks a directory-derived identity as the guess it is
    ok 4 - marks a directory-derived identity as the guess it is
      ---
      duration_ms: 29.568875
      type: 'test'
      ...
    # Subtest: prefers a recorded identity over a directory guess when git is silent
    ok 5 - prefers a recorded identity over a directory guess when git is silent
      ---
      duration_ms: 11.480464
      type: 'test'
      ...
    # Subtest: separates what git says from the fallback
    ok 6 - separates what git says from the fallback
      ---
      duration_ms: 21.449394
      type: 'test'
      ...
    1..6
ok 21 - identity is derived, not declared (TM-041)
  ---
  duration_ms: 277.263477
  type: 'suite'
  ...
# Subtest: the person is recorded beside the board, not as it (ADR-0002, TM-045)
    # Subtest: reads the person from git for this directory
    ok 1 - reads the person from git for this directory
      ---
      duration_ms: 56.564868
      type: 'test'
      ...
    # Subtest: keeps the person out of the board's identity
    ok 2 - keeps the person out of the board's identity
      ---
      duration_ms: 143.94376
      type: 'test'
      ...
    # Subtest: prefers the recorded owner over whoever is looking now
    ok 3 - prefers the recorded owner over whoever is looking now
      ---
      duration_ms: 17.3709
      type: 'test'
      ...
    # Subtest: falls back to the machine's git identity outside a repo, and to nobody with none at all
    ok 4 - falls back to the machine's git identity outside a repo, and to nobody with none at all
      ---
      duration_ms: 89.607405
      type: 'test'
      ...
    1..4
ok 22 - the person is recorded beside the board, not as it (ADR-0002, TM-045)
  ---
  duration_ms: 307.915061
  type: 'suite'
  ...
# Subtest: writes stay on their own board
    # Subtest: stamps the board on everything it creates
    ok 1 - stamps the board on everything it creates
      ---
      duration_ms: 27.902651
      type: 'test'
      ...
    # Subtest: refuses to file an entity from another board
    ok 2 - refuses to file an entity from another board
      ---
      duration_ms: 17.544008
      type: 'test'
      ...
    # Subtest: names the link that would express the relationship honestly
    ok 3 - names the link that would express the relationship honestly
      ---
      duration_ms: 8.324726
      type: 'test'
      ...
    # Subtest: still accepts an entity written before boards existed
    ok 4 - still accepts an entity written before boards existed
      ---
      duration_ms: 10.460289
      type: 'test'
      ...
    1..4
ok 23 - writes stay on their own board
  ---
  duration_ms: 64.582965
  type: 'suite'
  ...
# Subtest: cross-repo references
    # Subtest: reads owner/repo\#ID as a reference to another board
    ok 1 - reads owner/repo\#ID as a reference to another board
      ---
      duration_ms: 1.12041
      type: 'test'
      ...
    # Subtest: records a link to another board without trying to write that board
    ok 2 - records a link to another board without trying to write that board
      ---
      duration_ms: 67.929584
      type: 'test'
      ...
    # Subtest: refuses a bare id that does not exist here, rather than inventing it
    ok 3 - refuses a bare id that does not exist here, rather than inventing it
      ---
      duration_ms: 23.034529
      type: 'test'
      ...
    1..3
ok 24 - cross-repo references
  ---
  duration_ms: 92.956159
  type: 'suite'
  ...
# Subtest: the board renders only its own work
    # Subtest: leaves out an entity filed here from another board
    ok 1 - leaves out an entity filed here from another board
      ---
      duration_ms: 84.515359
      type: 'test'
      ...
    # Subtest: still shows work written before boards existed
    ok 2 - still shows work written before boards existed
      ---
      duration_ms: 30.40818
      type: 'test'
      ...
    1..2
ok 25 - the board renders only its own work
  ---
  duration_ms: 115.149296
  type: 'suite'
  ...
# Subtest: doctor
    # Subtest: finds a stray already filed on the wrong board
    ok 1 - finds a stray already filed on the wrong board
      ---
      duration_ms: 86.054596
      type: 'test'
      ...
    1..1
ok 26 - doctor
  ---
  duration_ms: 86.221258
  type: 'suite'
  ...
# Subtest: acceptanceOf (BDM-73)
    # Subtest: writes done, not met
    ok 1 - writes done, not met
      ---
      duration_ms: 60.621223
      type: 'test'
      ...
    # Subtest: accept mints a task whose criteria gateDone can see
    ok 2 - accept mints a task whose criteria gateDone can see
      ---
      duration_ms: 199.952844
      type: 'test'
      ...
    1..2
ok 27 - acceptanceOf (BDM-73)
  ---
  duration_ms: 261.698394
  type: 'suite'
  ...
# Subtest: score and rank
    # Subtest: ranks impact × ease × confidence, 1–27
    ok 1 - ranks impact × ease × confidence, 1–27
      ---
      duration_ms: 115.722546
      type: 'test'
      ...
    1..1
ok 28 - score and rank
  ---
  duration_ms: 115.892156
  type: 'suite'
  ...
# Subtest: ship and drop
    # Subtest: refuses to ship without evidence
    ok 1 - refuses to ship without evidence
      ---
      duration_ms: 42.968414
      type: 'test'
      ...
    # Subtest: drop keeps the reason
    ok 2 - drop keeps the reason
      ---
      duration_ms: 55.942297
      type: 'test'
      ...
    1..2
ok 29 - ship and drop
  ---
  duration_ms: 99.249385
  type: 'suite'
  ...
# Subtest: claimTask
    # Subtest: claims an unheld task
    ok 1 - claims an unheld task
      ---
      duration_ms: 67.841071
      type: 'test'
      ...
    # Subtest: is idempotent for the same session
    ok 2 - is idempotent for the same session
      ---
      duration_ms: 56.774315
      type: 'test'
      ...
    # Subtest: refuses a task another live session holds, and says who has it
    ok 3 - refuses a task another live session holds, and says who has it
      ---
      duration_ms: 49.159625
      type: 'test'
      ...
    # Subtest: takes a held task with --steal, recording the theft
    ok 4 - takes a held task with --steal, recording the theft
      ---
      duration_ms: 68.092026
      type: 'test'
      ...
    # Subtest: takes over an expired claim without ceremony
    ok 5 - takes over an expired claim without ceremony
      ---
      duration_ms: 54.635138
      type: 'test'
      ...
    # Subtest: treats a claim whose worktree is gone as expired
    ok 6 - treats a claim whose worktree is gone as expired
      ---
      duration_ms: 47.307835
      type: 'test'
      ...
    1..6
ok 30 - claimTask
  ---
  duration_ms: 345.585354
  type: 'suite'
  ...
# Subtest: expired
    # Subtest: is false for a fresh claim and true past the TTL
    ok 1 - is false for a fresh claim and true past the TTL
      ---
      duration_ms: 1.339961
      type: 'test'
      ...
    # Subtest: treats a missing timestamp as expired rather than eternal
    ok 2 - treats a missing timestamp as expired rather than eternal
      ---
      duration_ms: 1.111192
      type: 'test'
      ...
    1..2
ok 31 - expired
  ---
  duration_ms: 7.125742
  type: 'suite'
  ...
# Subtest: claimant
    # Subtest: reports nothing for an unheld or expired task
    ok 1 - reports nothing for an unheld or expired task
      ---
      duration_ms: 42.643078
      type: 'test'
      ...
    # Subtest: reports the live holder
    ok 2 - reports the live holder
      ---
      duration_ms: 49.412573
      type: 'test'
      ...
    1..2
ok 32 - claimant
  ---
  duration_ms: 92.353866
  type: 'suite'
  ...
# Subtest: releaseClaim
    # Subtest: frees the task for the next session
    ok 1 - frees the task for the next session
      ---
      duration_ms: 53.746392
      type: 'test'
      ...
    1..1
ok 33 - releaseClaim
  ---
  duration_ms: 53.88277
  type: 'suite'
  ...
# Subtest: missingFields
    # Subtest: returns [] for a task carrying everything
    ok 1 - returns [] for a task carrying everything
      ---
      duration_ms: 4.578981
      type: 'test'
      ...
    # Subtest: flags a missing or whitespace-only body
    ok 2 - flags a missing or whitespace-only body
      ---
      duration_ms: 0.417768
      type: 'test'
      ...
    # Subtest: flags zero acceptance criteria — existence, not tickedness
    ok 3 - flags zero acceptance criteria — existence, not tickedness
      ---
      duration_ms: 0.377211
      type: 'test'
      ...
    # Subtest: flags missing evidence
    ok 4 - flags missing evidence
      ---
      duration_ms: 0.340119
      type: 'test'
      ...
    # Subtest: flags a missing actor, satisfied by actor or assignee
    ok 5 - flags a missing actor, satisfied by actor or assignee
      ---
      duration_ms: 0.235543
      type: 'test'
      ...
    # Subtest: names the exact fix command per field
    ok 6 - names the exact fix command per field
      ---
      duration_ms: 0.793383
      type: 'test'
      ...
    # Subtest: falls back to <id> for a create draft that has no id yet
    ok 7 - falls back to <id> for a create draft that has no id yet
      ---
      duration_ms: 0.221698
      type: 'test'
      ...
    # Subtest: checks only the fields asked for, in the order asked
    ok 8 - checks only the fields asked for, in the order asked
      ---
      duration_ms: 0.339412
      type: 'test'
      ...
    # Subtest: ignores unknown field names rather than throwing
    ok 9 - ignores unknown field names rather than throwing
      ---
      duration_ms: 0.284748
      type: 'test'
      ...
    # Subtest: treats a null task as missing everything
    ok 10 - treats a null task as missing everything
      ---
      duration_ms: 0.442053
      type: 'test'
      ...
    1..10
ok 34 - missingFields
  ---
  duration_ms: 9.748555
  type: 'suite'
  ...
# Subtest: tm config <key> reads (B1)
    # Subtest: prints wipLimit and leaves config.json byte-identical
    ok 1 - prints wipLimit and leaves config.json byte-identical
      ---
      duration_ms: 171.634358
      type: 'test'
      ...
    # Subtest: prints dispatch.enabled and leaves config.json byte-identical
    ok 2 - prints dispatch.enabled and leaves config.json byte-identical
      ---
      duration_ms: 155.642274
      type: 'test'
      ...
    # Subtest: with no key still prints the whole config
    ok 3 - with no key still prints the whole config
      ---
      duration_ms: 128.298816
      type: 'test'
      ...
    1..3
ok 35 - tm config <key> reads (B1)
  ---
  duration_ms: 456.829665
  type: 'suite'
  ...
# Subtest: tm config <dotted.key> <value> sets a path (B2)
    # Subtest: sets dispatch.enabled inside dispatch and keeps its siblings
    ok 1 - sets dispatch.enabled inside dispatch and keeps its siblings
      ---
      duration_ms: 168.860959
      type: 'test'
      ...
    # Subtest: a non-dotted key still writes as before
    ok 2 - a non-dotted key still writes as before
      ---
      duration_ms: 158.571692
      type: 'test'
      ...
    1..2
ok 36 - tm config <dotted.key> <value> sets a path (B2)
  ---
  duration_ms: 327.70432
  type: 'suite'
  ...
# Subtest: read-only identity keys
    # Subtest: owner reads freely but refuses a value when git answers
    ok 1 - owner reads freely but refuses a value when git answers
      ---
      duration_ms: 489.562882
      type: 'test'
      ...
    1..1
ok 37 - read-only identity keys
  ---
  duration_ms: 490.412997
  type: 'suite'
  ...
# Subtest: tm config JSON contract (TM-300)
    # Subtest: a bare string value is stored as a string, with no JSON parse error
    ok 1 - a bare string value is stored as a string, with no JSON parse error
      ---
      duration_ms: 280.002734
      type: 'test'
      ...
    # Subtest: --json prints the whole effective config; --with-revision pairs it with the file's sha256
    ok 2 - --json prints the whole effective config; --with-revision pairs it with the file's sha256
      ---
      duration_ms: 304.371819
      type: 'test'
      ...
    # Subtest: a malformed object, array or quoted string is refused, not stored as a string
    ok 3 - a malformed object, array or quoted string is refused, not stored as a string
      ---
      duration_ms: 567.62446
      type: 'test'
      ...
    # Subtest: --set-file drops values equal to their defaults, so writing back effective freezes nothing
    ok 4 - --set-file drops values equal to their defaults, so writing back effective freezes nothing
      ---
      duration_ms: 501.391589
      type: 'test'
      ...
    # Subtest: --set-file round-trips the effective config, returns the new revision, and refuses a stale one
    ok 5 - --set-file round-trips the effective config, returns the new revision, and refuses a stale one
      ---
      duration_ms: 474.5192
      type: 'test'
      ...
    # Subtest: --set-file refuses unknown keys by name and wrong types, writing nothing
    ok 6 - --set-file refuses unknown keys by name and wrong types, writing nothing
      ---
      duration_ms: 305.141832
      type: 'test'
      ...
    1..6
ok 38 - tm config JSON contract (TM-300)
  ---
  duration_ms: 2434.201401
  type: 'suite'
  ...
# Subtest: a foreign blocked-by link holds the task out of next and the pool until it is removed
ok 39 - a foreign blocked-by link holds the task out of next and the pool until it is removed
  ---
  duration_ms: 178.346599
  type: 'test'
  ...
# Subtest: the active epic
    # Subtest: switches it, in the store, with the same event the CLI logs
    ok 1 - switches it, in the store, with the same event the CLI logs
      ---
      duration_ms: 142.39157
      type: 'test'
      ...
    # Subtest: gates the next task creation on what it just set
    ok 2 - gates the next task creation on what it just set
      ---
      duration_ms: 104.084418
      type: 'test'
      ...
    # Subtest: refuses an epic that does not exist
    ok 3 - refuses an epic that does not exist
      ---
      duration_ms: 3.678116
      type: 'test'
      ...
    # Subtest: refuses a closed epic, which would silently gate every later create
    ok 4 - refuses a closed epic, which would silently gate every later create
      ---
      duration_ms: 93.908803
      type: 'test'
      ...
    # Subtest: clears it when asked, rather than treating null as an error
    ok 5 - clears it when asked, rather than treating null as an error
      ---
      duration_ms: 59.14385
      type: 'test'
      ...
    # Subtest: creates from { title } without colliding with { id } activate
    ok 6 - creates from { title } without colliding with { id } activate
      ---
      duration_ms: 73.158783
      type: 'test'
      ...
    # Subtest: treats { id } as activate even when a title is also present
    ok 7 - treats { id } as activate even when a title is also present
      ---
      duration_ms: 74.906368
      type: 'test'
      ...
    # Subtest: refuses an empty title on create
    ok 8 - refuses an empty title on create
      ---
      duration_ms: 1.167234
      type: 'test'
      ...
    1..8
ok 40 - the active epic
  ---
  duration_ms: 554.648269
  type: 'suite'
  ...
# Subtest: epic detail and close/reopen
    # Subtest: returns the full epic including body
    ok 1 - returns the full epic including body
      ---
      duration_ms: 111.66098
      type: 'test'
      ...
    # Subtest: keeps /api/board body-stripped
    ok 2 - keeps /api/board body-stripped
      ---
      duration_ms: 81.398697
      type: 'test'
      ...
    # Subtest: leaves GET /api/task/EP-* as 400 — requireTask stays on the task surface
    ok 3 - leaves GET /api/task/EP-* as 400 — requireTask stays on the task surface
      ---
      duration_ms: 58.069639
      type: 'test'
      ...
    # Subtest: closes with a timestamp and clears the active pointer
    ok 4 - closes with a timestamp and clears the active pointer
      ---
      duration_ms: 113.878063
      type: 'test'
      ...
    # Subtest: reopens through reopenEpic, dropping closed
    ok 5 - reopens through reopenEpic, dropping closed
      ---
      duration_ms: 107.577895
      type: 'test'
      ...
    # Subtest: activating a done epic is still 409 after close
    ok 6 - activating a done epic is still 409 after close
      ---
      duration_ms: 83.875185
      type: 'test'
      ...
    1..6
ok 41 - epic detail and close/reopen
  ---
  duration_ms: 557.043487
  type: 'suite'
  ...
# Subtest: transitions
    # Subtest: moves a task and records it
    ok 1 - moves a task and records it
      ---
      duration_ms: 102.406816
      type: 'test'
      ...
    # Subtest: enforces the acceptance gate exactly like the CLI
    ok 2 - enforces the acceptance gate exactly like the CLI
      ---
      duration_ms: 46.788178
      type: 'test'
      ...
    # Subtest: releases the claim when work leaves in_progress
    ok 3 - releases the claim when work leaves in_progress
      ---
      duration_ms: 135.415523
      type: 'test'
      ...
    # Subtest: rejects a status that is not a real one
    ok 4 - rejects a status that is not a real one
      ---
      duration_ms: 41.29594
      type: 'test'
      ...
    1..4
ok 42 - transitions
  ---
  duration_ms: 326.249428
  type: 'suite'
  ...
# Subtest: field edits
    # Subtest: assigns, labels, prioritises, estimates and comments
    ok 1 - assigns, labels, prioritises, estimates and comments
      ---
      duration_ms: 138.960932
      type: 'test'
      ...
    # Subtest: passes a bad value's reason back instead of throwing
    ok 2 - passes a bad value's reason back instead of throwing
      ---
      duration_ms: 44.02451
      type: 'test'
      ...
    # Subtest: edits title and body
    ok 3 - edits title and body
      ---
      duration_ms: 98.772909
      type: 'test'
      ...
    # Subtest: sets type through POST /type
    ok 4 - sets type through POST /type
      ---
      duration_ms: 109.104504
      type: 'test'
      ...
    # Subtest: clears priority when the field is omitted rather than 400ing on null
    ok 5 - clears priority when the field is omitted rather than 400ing on null
      ---
      duration_ms: 136.098736
      type: 'test'
      ...
    # Subtest: clears estimate by removing the field rather than writing 0
    ok 6 - clears estimate by removing the field rather than writing 0
      ---
      duration_ms: 114.603357
      type: 'test'
      ...
    1..6
ok 43 - field edits
  ---
  duration_ms: 643.04482
  type: 'suite'
  ...
# Subtest: transition honesty (BDM-67)
    # Subtest: writes blockedReason when moving to blocked with a reason
    ok 1 - writes blockedReason when moving to blocked with a reason
      ---
      duration_ms: 80.042771
      type: 'test'
      ...
    # Subtest: writes parkedReason when moving to parked with a reason
    ok 2 - writes parkedReason when moving to parked with a reason
      ---
      duration_ms: 64.481045
      type: 'test'
      ...
    # Subtest: drops the stop reason when leaving blocked or parked
    ok 3 - drops the stop reason when leaving blocked or parked
      ---
      duration_ms: 66.88313
      type: 'test'
      ...
    # Subtest: stamps actor/session/branch/worktree when moving to in_progress, like tm start
    ok 4 - stamps actor/session/branch/worktree when moving to in_progress, like tm start
      ---
      duration_ms: 105.749974
      type: 'test'
      ...
    1..4
ok 44 - transition honesty (BDM-67)
  ---
  duration_ms: 317.714962
  type: 'suite'
  ...
# Subtest: hierarchy and ordering
    # Subtest: links two tasks from one call, both ends
    ok 1 - links two tasks from one call, both ends
      ---
      duration_ms: 118.463434
      type: 'test'
      ...
    # Subtest: nests a subtask and refuses a cycle
    ok 2 - nests a subtask and refuses a cycle
      ---
      duration_ms: 133.819064
      type: 'test'
      ...
    # Subtest: reorders the backlog by dropping one card above another
    ok 3 - reorders the backlog by dropping one card above another
      ---
      duration_ms: 155.498017
      type: 'test'
      ...
    1..3
ok 45 - hierarchy and ordering
  ---
  duration_ms: 408.126493
  type: 'suite'
  ...
# Subtest: creation
    # Subtest: creates a task and honours the active epic
    ok 1 - creates a task and honours the active epic
      ---
      duration_ms: 128.007105
      type: 'test'
      ...
    # Subtest: refuses creation when the epic gate says so
    ok 2 - refuses creation when the epic gate says so
      ---
      duration_ms: 2.287803
      type: 'test'
      ...
    # Subtest: refuses an empty title
    ok 3 - refuses an empty title
      ---
      duration_ms: 1.181434
      type: 'test'
      ...
    # Subtest: applies a template the same way `tm task new --template` does
    ok 4 - applies a template the same way `tm task new --template` does
      ---
      duration_ms: 36.731993
      type: 'test'
      ...
    # Subtest: refuses an unknown template with 400 instead of minting a blank task
    ok 5 - refuses an unknown template with 400 instead of minting a blank task
      ---
      duration_ms: 1.107014
      type: 'test'
      ...
    # Subtest: does not let empty acceptance or an empty body wipe the template
    ok 6 - does not let empty acceptance or an empty body wipe the template
      ---
      duration_ms: 44.293591
      type: 'test'
      ...
    # Subtest: does not invent a type for a template that never had one
    ok 7 - does not invent a type for a template that never had one
      ---
      duration_ms: 43.339292
      type: 'test'
      ...
    1..7
ok 46 - creation
  ---
  duration_ms: 257.437057
  type: 'suite'
  ...
# Subtest: templates
    # Subtest: lists each template's name and description
    ok 1 - lists each template's name and description
      ---
      duration_ms: 2.203887
      type: 'test'
      ...
    # Subtest: returns [] when the store has no templates at all
    ok 2 - returns [] when the store has no templates at all
      ---
      duration_ms: 1.144763
      type: 'test'
      ...
    # Subtest: reads one template in full
    ok 3 - reads one template in full
      ---
      duration_ms: 1.513743
      type: 'test'
      ...
    # Subtest: 404s a template that does not exist
    ok 4 - 404s a template that does not exist
      ---
      duration_ms: 1.577286
      type: 'test'
      ...
    # Subtest: 400s a path-unsafe name instead of walking out of the store
    ok 5 - 400s a path-unsafe name instead of walking out of the store
      ---
      duration_ms: 1.505814
      type: 'test'
      ...
    1..5
ok 47 - templates
  ---
  duration_ms: 8.281432
  type: 'suite'
  ...
# Subtest: bulk edit
    # Subtest: applies one operation across many tasks and reports per-task results
    ok 1 - applies one operation across many tasks and reports per-task results
      ---
      duration_ms: 160.548077
      type: 'test'
      ...
    # Subtest: keeps going when one item fails, and says which
    ok 2 - keeps going when one item fails, and says which
      ---
      duration_ms: 79.010538
      type: 'test'
      ...
    1..2
ok 48 - bulk edit
  ---
  duration_ms: 240.014569
  type: 'suite'
  ...
# Subtest: adrs on the board (BDM-70)
    # Subtest: includes adrs without body; an empty store is []
    ok 1 - includes adrs without body; an empty store is []
      ---
      duration_ms: 94.4845
      type: 'test'
      ...
    # Subtest: GET /api/adr/:id returns the body; GET /api/task/ADR-* stays 400
    ok 2 - GET /api/adr/:id returns the body; GET /api/task/ADR-* stays 400
      ---
      duration_ms: 38.917705
      type: 'test'
      ...
    # Subtest: GET /api/adr/TM-* is 400 and a missing ADR is 404
    ok 3 - GET /api/adr/TM-* is 400 and a missing ADR is 404
      ---
      duration_ms: 42.508918
      type: 'test'
      ...
    # Subtest: POST /api/adr creates proposed and inherits activeEpic
    ok 4 - POST /api/adr creates proposed and inherits activeEpic
      ---
      duration_ms: 79.955906
      type: 'test'
      ...
    # Subtest: POST /api/adr with no active epic still creates, epic null
    ok 5 - POST /api/adr with no active epic still creates, epic null
      ---
      duration_ms: 42.768565
      type: 'test'
      ...
    # Subtest: accepts only from proposed
    ok 6 - accepts only from proposed
      ---
      duration_ms: 65.600907
      type: 'test'
      ...
    # Subtest: supersede writes a new ADR and marks the old one, without rewriting its body
    ok 7 - supersede writes a new ADR and marks the old one, without rewriting its body
      ---
      duration_ms: 140.501353
      type: 'test'
      ...
    # Subtest: refuses to supersede an already superseded ADR
    ok 8 - refuses to supersede an already superseded ADR
      ---
      duration_ms: 39.096727
      type: 'test'
      ...
    1..8
ok 49 - adrs on the board (BDM-70)
  ---
  duration_ms: 544.411582
  type: 'suite'
  ...
# Subtest: sprints on the board (BDM-71)
    # Subtest: includes sprints without body; an empty store is []
    ok 1 - includes sprints without body; an empty store is []
      ---
      duration_ms: 73.23669
      type: 'test'
      ...
    # Subtest: reindex includes sprints
    ok 2 - reindex includes sprints
      ---
      duration_ms: 36.117634
      type: 'test'
      ...
    # Subtest: creates from { title }, sets activeSprint in state.json, not config
    ok 3 - creates from { title }, sets activeSprint in state.json, not config
      ---
      duration_ms: 44.118129
      type: 'test'
      ...
    # Subtest: activates with { id } and does not mint a second sprint when a title is also present
    ok 4 - activates with { id } and does not mint a second sprint when a title is also present
      ---
      duration_ms: 38.299674
      type: 'test'
      ...
    # Subtest: closes, clears the active pointer, and leaves unfinished work committed
    ok 5 - closes, clears the active pointer, and leaves unfinished work committed
      ---
      duration_ms: 119.271746
      type: 'test'
      ...
    # Subtest: commits and removes task.sprint
    ok 6 - commits and removes task.sprint
      ---
      duration_ms: 99.107095
      type: 'test'
      ...
    # Subtest: does not auto-commit a new task to activeSprint
    ok 7 - does not auto-commit a new task to activeSprint
      ---
      duration_ms: 61.856083
      type: 'test'
      ...
    # Subtest: header numbers are the same numbers sprintReport prints
    ok 8 - header numbers are the same numbers sprintReport prints
      ---
      duration_ms: 181.273733
      type: 'test'
      ...
    # Subtest: GET /api/task/SP-* stays 400 — requireTask stays on the task surface
    ok 9 - GET /api/task/SP-* stays 400 — requireTask stays on the task surface
      ---
      duration_ms: 30.145274
      type: 'test'
      ...
    # Subtest: GET /api/sprint/:id returns the body and report; a missing sprint is 404
    ok 10 - GET /api/sprint/:id returns the body and report; a missing sprint is 404
      ---
      duration_ms: 28.060527
      type: 'test'
      ...
    # Subtest: bulk fans sprint commit through /api/task/:id/sprint
    ok 11 - bulk fans sprint commit through /api/task/:id/sprint
      ---
      duration_ms: 128.599258
      type: 'test'
      ...
    1..11
ok 50 - sprints on the board (BDM-71)
  ---
  duration_ms: 840.841093
  type: 'suite'
  ...
# Subtest: plans inbox (BDM-72)
    # Subtest: empty plans/ is [] — not a KIND, not omitted
    ok 1 - empty plans/ is [] — not a KIND, not omitted
      ---
      duration_ms: 21.216669
      type: 'test'
      ...
    # Subtest: lists files and marks linked vs unlinked
    ok 2 - lists files and marks linked vs unlinked
      ---
      duration_ms: 56.79813
      type: 'test'
      ...
    # Subtest: clears epic.plan via POST { plan: null }
    ok 3 - clears epic.plan via POST { plan: null }
      ---
      duration_ms: 47.118638
      type: 'test'
      ...
    # Subtest: confined GET allows a file in p.plans and 404s traversal / absolute outside
    ok 4 - confined GET allows a file in p.plans and 404s traversal / absolute outside
      ---
      duration_ms: 2.447004
      type: 'test'
      ...
    # Subtest: serves an epic.plan file that lives outside p.plans (tm goal import)
    ok 5 - serves an epic.plan file that lives outside p.plans (tm goal import)
      ---
      duration_ms: 38.042053
      type: 'test'
      ...
    # Subtest: 404s a symlink that escapes p.plans unless that file is epic.plan
    ok 6 - 404s a symlink that escapes p.plans unless that file is epic.plan
      ---
      duration_ms: 1.24838
      type: 'test'
      ...
    1..6
ok 51 - plans inbox (BDM-72)
  ---
  duration_ms: 167.279664
  type: 'suite'
  ...
# Subtest: capabilities on the board (BDM-73)
    # Subtest: includes capabilities without body; an empty store is []
    ok 1 - includes capabilities without body; an empty store is []
      ---
      duration_ms: 60.378415
      type: 'test'
      ...
    # Subtest: GET /api/capability/:id returns the body; GET /api/task/CAP-* stays 400
    ok 2 - GET /api/capability/:id returns the body; GET /api/task/CAP-* stays 400
      ---
      duration_ms: 30.514019
      type: 'test'
      ...
    # Subtest: GET /api/capability/TM-* is 400 and a missing CAP is 404
    ok 3 - GET /api/capability/TM-* is 400 and a missing CAP is 404
      ---
      duration_ms: 30.440024
      type: 'test'
      ...
    # Subtest: POST /api/capability proposes; accept/ship/drop go through the lib
    ok 4 - POST /api/capability proposes; accept/ship/drop go through the lib
      ---
      duration_ms: 123.339782
      type: 'test'
      ...
    # Subtest: ship without evidence is 409 with the CLI wording
    ok 5 - ship without evidence is 409 with the CLI wording
      ---
      duration_ms: 33.087646
      type: 'test'
      ...
    # Subtest: ship succeeds once there is evidence
    ok 6 - ship succeeds once there is evidence
      ---
      duration_ms: 60.46113
      type: 'test'
      ...
    # Subtest: acceptanceOf writes done, not met, and accept mints a gated task
    ok 7 - acceptanceOf writes done, not met, and accept mints a gated task
      ---
      duration_ms: 113.169096
      type: 'test'
      ...
    # Subtest: refuses an empty title on propose
    ok 8 - refuses an empty title on propose
      ---
      duration_ms: 1.253823
      type: 'test'
      ...
    1..8
ok 52 - capabilities on the board (BDM-73)
  ---
  duration_ms: 453.148957
  type: 'suite'
  ...
# Subtest: safety
    # Subtest: 404s an unknown route and an unknown task
    ok 1 - 404s an unknown route and an unknown task
      ---
      duration_ms: 1.197483
      type: 'test'
      ...
    # Subtest: refuses a task id that isn't one
    ok 2 - refuses a task id that isn't one
      ---
      duration_ms: 0.996247
      type: 'test'
      ...
    1..2
ok 53 - safety
  ---
  duration_ms: 2.411434
  type: 'suite'
  ...
# Subtest: link remove (BDM-74)
    # Subtest: POST /unlink drops both ends after a two-sided add
    ok 1 - POST /unlink drops both ends after a two-sided add
      ---
      duration_ms: 112.492013
      type: 'test'
      ...
    # Subtest: POST /link { remove: true } is the same verb
    ok 2 - POST /link { remove: true } is the same verb
      ---
      duration_ms: 105.100279
      type: 'test'
      ...
    1..2
ok 54 - link remove (BDM-74)
  ---
  duration_ms: 217.77425
  type: 'suite'
  ...
# Subtest: GET /api/entity/:id (BDM-74)
    # Subtest: returns EP/TM/ADR/SP/CAP when present; GET /api/task/EP-* stays 400
    ok 1 - returns EP/TM/ADR/SP/CAP when present; GET /api/task/EP-* stays 400
      ---
      duration_ms: 122.851434
      type: 'test'
      ...
    # Subtest: 400s an unknown prefix and 404s a missing known id
    ok 2 - 400s an unknown prefix and 404s a missing known id
      ---
      duration_ms: 1.183708
      type: 'test'
      ...
    1..2
ok 55 - GET /api/entity/:id (BDM-74)
  ---
  duration_ms: 124.195848
  type: 'suite'
  ...
# Subtest: worktrees (BDM-74)
    # Subtest: GET /api/worktrees is [] when none exist
    ok 1 - GET /api/worktrees is [] when none exist
      ---
      duration_ms: 12.751923
      type: 'test'
      ...
    # Subtest: does not serve worktree file contents
    ok 2 - does not serve worktree file contents
      ---
      duration_ms: 1.128921
      type: 'test'
      ...
    # Subtest: creates and removes a task worktree through the lib
    ok 3 - creates and removes a task worktree through the lib
      ---
      duration_ms: 286.343048
      type: 'test'
      ...
    # Subtest: refuses a dirty remove unless force is set
    ok 4 - refuses a dirty remove unless force is set
      ---
      duration_ms: 287.689666
      type: 'test'
      ...
    # Subtest: 400s an unknown worktree action
    ok 5 - 400s an unknown worktree action
      ---
      duration_ms: 20.025428
      type: 'test'
      ...
    1..5
ok 56 - worktrees (BDM-74)
  ---
  duration_ms: 608.258281
  type: 'suite'
  ...
# Subtest: why and graph
    # Subtest: walks the chain to the parked root and names its reason
    ok 1 - walks the chain to the parked root and names its reason
      ---
      duration_ms: 152.049067
      type: 'test'
      ...
    1..1
ok 57 - why and graph
  ---
  duration_ms: 152.150969
  type: 'suite'
  ...
# Subtest: insight reads
    # Subtest: standup, time, stale and history answer from the event log
    ok 1 - standup, time, stale and history answer from the event log
      ---
      duration_ms: 126.52623
      type: 'test'
      ...
    1..1
ok 58 - insight reads
  ---
  duration_ms: 126.765282
  type: 'suite'
  ...
# Subtest: find
    # Subtest: takes tm find syntax and refuses a field that does not exist
    ok 1 - takes tm find syntax and refuses a field that does not exist
      ---
      duration_ms: 50.723426
      type: 'test'
      ...
    1..1
ok 59 - find
  ---
  duration_ms: 50.838128
  type: 'suite'
  ...
# Subtest: claims over http
    # Subtest: claims, refuses a second session, steals on request, releases
    ok 1 - claims, refuses a second session, steals on request, releases
      ---
      duration_ms: 134.512769
      type: 'test'
      ...
    # Subtest: sweeps only dead claims, and only when confirmed
    ok 2 - sweeps only dead claims, and only when confirmed
      ---
      duration_ms: 49.369766
      type: 'test'
      ...
    1..2
ok 60 - claims over http
  ---
  duration_ms: 184.037278
  type: 'suite'
  ...
# Subtest: gateStart
    # Subtest: enforces the WIP limit on the board too, and spends an override exactly once
    ok 1 - enforces the WIP limit on the board too, and spends an override exactly once
      ---
      duration_ms: 161.654757
      type: 'test'
      ...
    1..1
ok 61 - gateStart
  ---
  duration_ms: 161.768521
  type: 'suite'
  ...
# Subtest: doctor over http
    # Subtest: reports, refuses an unconfirmed fix, and repairs the unambiguous half
    ok 1 - reports, refuses an unconfirmed fix, and repairs the unambiguous half
      ---
      duration_ms: 138.080515
      type: 'test'
      ...
    1..1
ok 62 - doctor over http
  ---
  duration_ms: 138.167656
  type: 'suite'
  ...
# Subtest: parallel
    # Subtest: batches disjoint touches and leaves claimed work out
    ok 1 - batches disjoint touches and leaves claimed work out
      ---
      duration_ms: 81.515987
      type: 'test'
      ...
    1..1
ok 63 - parallel
  ---
  duration_ms: 81.602871
  type: 'suite'
  ...
# Subtest: goal import
    # Subtest: lands a pasted doc as a task whose gate is the doc's own criteria
    ok 1 - lands a pasted doc as a task whose gate is the doc's own criteria
      ---
      duration_ms: 39.983344
      type: 'test'
      ...
    # Subtest: refuses a doc with no criteria, a path outside the repo, and a missing file
    ok 2 - refuses a doc with no criteria, a path outside the repo, and a missing file
      ---
      duration_ms: 16.32874
      type: 'test'
      ...
    # Subtest: lands a manifest as an epic with wired dependencies and named skips
    ok 3 - lands a manifest as an epic with wired dependencies and named skips
      ---
      duration_ms: 104.676087
      type: 'test'
      ...
    # Subtest: previews a manifest without writing, and agrees with what the import then does
    ok 4 - previews a manifest without writing, and agrees with what the import then does
      ---
      duration_ms: 106.827232
      type: 'test'
      ...
    # Subtest: previews a single doc, and refuses at preview time what the import would refuse
    ok 5 - previews a single doc, and refuses at preview time what the import would refuse
      ---
      duration_ms: 1.798
      type: 'test'
      ...
    1..5
ok 64 - goal import
  ---
  duration_ms: 269.886368
  type: 'suite'
  ...
# Subtest: planning sessions
    # Subtest: opens, converses, resumes and ends a session over HTTP
    ok 1 - opens, converses, resumes and ends a session over HTTP
      ---
      duration_ms: 4.926269
      type: 'test'
      ...
    # Subtest: refuses a bad session id rather than letting it reach the filesystem
    ok 2 - refuses a bad session id rather than letting it reach the filesystem
      ---
      duration_ms: 1.24383
      type: 'test'
      ...
    # Subtest: proposes, holds the proposal server-side, and applies only what was approved
    ok 3 - proposes, holds the proposal server-side, and applies only what was approved
      ---
      duration_ms: 68.107806
      type: 'test'
      ...
    # Subtest: reopens a session that a crash left mid-apply, instead of stranding it forever
    ok 4 - reopens a session that a crash left mid-apply, instead of stranding it forever
      ---
      duration_ms: 40.15752
      type: 'test'
      ...
    # Subtest: spends an approval once — a second apply of the same digest writes nothing
    ok 5 - spends an approval once — a second apply of the same digest writes nothing
      ---
      duration_ms: 39.9419
      type: 'test'
      ...
    # Subtest: puts the proposal back when a landing fails, rather than stranding the session
    ok 6 - puts the proposal back when a landing fails, rather than stranding the session
      ---
      duration_ms: 40.66225
      type: 'test'
      ...
    # Subtest: refuses to propose an operation that is not governed
    ok 7 - refuses to propose an operation that is not governed
      ---
      duration_ms: 1.807511
      type: 'test'
      ...
    # Subtest: lists configured planning agents without ever naming the command
    ok 8 - lists configured planning agents without ever naming the command
      ---
      duration_ms: 45.723313
      type: 'test'
      ...
    # Subtest: keeps a planning session off the board until something is approved
    ok 9 - keeps a planning session off the board until something is approved
      ---
      duration_ms: 12.163611
      type: 'test'
      ...
    1..9
ok 65 - planning sessions
  ---
  duration_ms: 255.230121
  type: 'suite'
  ...
# Subtest: entity edits
    # Subtest: retitles an epic without renaming its file, and validates each kind's extra fields
    ok 1 - retitles an epic without renaming its file, and validates each kind's extra fields
      ---
      duration_ms: 138.808848
      type: 'test'
      ...
    1..1
ok 66 - entity edits
  ---
  duration_ms: 138.913818
  type: 'suite'
  ...
# Subtest: delete and restore
    # Subtest: hides the card, keeps the file, releases the claim, and comes back on restore
    ok 1 - hides the card, keeps the file, releases the claim, and comes back on restore
      ---
      duration_ms: 78.864715
      type: 'test'
      ...
    1..1
ok 67 - delete and restore
  ---
  duration_ms: 78.955628
  type: 'suite'
  ...
# Subtest: templates write
    # Subtest: creates, refuses a silent overwrite, patches, and rejects an unsafe name
    ok 1 - creates, refuses a silent overwrite, patches, and rejects an unsafe name
      ---
      duration_ms: 1.138082
      type: 'test'
      ...
    1..1
ok 68 - templates write
  ---
  duration_ms: 1.203159
  type: 'suite'
  ...
# Subtest: meta and skills
    # Subtest: publishes every vocabulary the SPA would otherwise hardcode
    ok 1 - publishes every vocabulary the SPA would otherwise hardcode
      ---
      duration_ms: 40.882734
      type: 'test'
      ...
    1..1
ok 69 - meta and skills
  ---
  duration_ms: 40.951673
  type: 'suite'
  ...
# Subtest: ntfy test
    # Subtest: explains silence, and sends through the injected fetch when configured
    ok 1 - explains silence, and sends through the injected fetch when configured
      ---
      duration_ms: 1.555888
      type: 'test'
      ...
    1..1
ok 70 - ntfy test
  ---
  duration_ms: 1.621532
  type: 'suite'
  ...
# Subtest: decisionRole
    # Subtest: picks the exclusive decision kind and ignores other labels
    ok 1 - picks the exclusive decision kind and ignores other labels
      ---
      duration_ms: 0.716466
      type: 'test'
      ...
    1..1
ok 71 - decisionRole
  ---
  duration_ms: 1.755148
  type: 'suite'
  ...
# Subtest: attentionOf
    # Subtest: marks research AFK and the rest HITL
    ok 1 - marks research AFK and the rest HITL
      ---
      duration_ms: 0.234456
      type: 'test'
      ...
    1..1
ok 72 - attentionOf
  ---
  duration_ms: 0.358895
  type: 'suite'
  ...
# Subtest: answerOf
    # Subtest: is null when the heading is missing
    ok 1 - is null when the heading is missing
      ---
      duration_ms: 0.60538
      type: 'test'
      ...
    # Subtest: is empty when the heading exists with no content
    ok 2 - is empty when the heading exists with no content
      ---
      duration_ms: 0.207511
      type: 'test'
      ...
    # Subtest: returns the text until the next heading
    ok 3 - returns the text until the next heading
      ---
      duration_ms: 0.168665
      type: 'test'
      ...
    # Subtest: setAnswer appends or replaces without eating Question
    ok 4 - setAnswer appends or replaces without eating Question
      ---
      duration_ms: 4.279073
      type: 'test'
      ...
    1..4
ok 73 - answerOf
  ---
  duration_ms: 5.825003
  type: 'suite'
  ...
# Subtest: gateDone on decision tickets
    # Subtest: refuses a decision ticket with no \#\# Answer even when AC is empty
    ok 1 - refuses a decision ticket with no \#\# Answer even when AC is empty
      ---
      duration_ms: 91.85346
      type: 'test'
      ...
    # Subtest: allows once the answer is on the task
    ok 2 - allows once the answer is on the task
      ---
      duration_ms: 63.206002
      type: 'test'
      ...
    # Subtest: prototype and research also need evidence
    ok 3 - prototype and research also need evidence
      ---
      duration_ms: 71.079385
      type: 'test'
      ...
    # Subtest: board payload strips body but keeps hasAnswer
    ok 4 - board payload strips body but keeps hasAnswer
      ---
      duration_ms: 166.703051
      type: 'test'
      ...
    1..4
ok 74 - gateDone on decision tickets
  ---
  duration_ms: 393.363594
  type: 'suite'
  ...
# Subtest: adding
    # Subtest: writes both ends, because a one-sided edge is invisible from the other
    ok 1 - writes both ends, because a one-sided edge is invisible from the other
      ---
      duration_ms: 202.45297
      type: 'test'
      ...
    # Subtest: blocks open work, and leaves any other status alone
    ok 2 - blocks open work, and leaves any other status alone
      ---
      duration_ms: 272.148422
      type: 'test'
      ...
    # Subtest: is idempotent
    ok 3 - is idempotent
      ---
      duration_ms: 188.644918
      type: 'test'
      ...
    # Subtest: logs an event, so a dependency change is in the audit trail
    ok 4 - logs an event, so a dependency change is in the audit trail
      ---
      duration_ms: 148.329016
      type: 'test'
      ...
    # Subtest: refuses a task that does not exist
    ok 5 - refuses a task that does not exist
      ---
      duration_ms: 43.556491
      type: 'test'
      ...
    1..5
ok 75 - adding
  ---
  duration_ms: 859.245798
  type: 'suite'
  ...
# Subtest: cycles are refused, not reported later
    # Subtest: refuses a self-dependency
    ok 1 - refuses a self-dependency
      ---
      duration_ms: 69.616246
      type: 'test'
      ...
    # Subtest: refuses a direct loop
    ok 2 - refuses a direct loop
      ---
      duration_ms: 168.792782
      type: 'test'
      ...
    # Subtest: refuses a loop three hops long
    ok 3 - refuses a loop three hops long
      ---
      duration_ms: 259.778783
      type: 'test'
      ...
    # Subtest: writes nothing when it refuses
    ok 4 - writes nothing when it refuses
      ---
      duration_ms: 149.877512
      type: 'test'
      ...
    # Subtest: allows a diamond, which is not a cycle
    ok 5 - allows a diamond, which is not a cycle
      ---
      duration_ms: 315.518319
      type: 'test'
      ...
    # Subtest: terminates on a pre-existing loop instead of spinning, and does not blame the caller
    ok 6 - terminates on a pre-existing loop instead of spinning, and does not blame the caller
      ---
      duration_ms: 335.823482
      type: 'test'
      ...
    1..6
ok 76 - cycles are refused, not reported later
  ---
  duration_ms: 1300.861935
  type: 'suite'
  ...
# Subtest: removing — which did not exist at all
    # Subtest: clears both ends
    ok 1 - clears both ends
      ---
      duration_ms: 195.101215
      type: 'test'
      ...
    # Subtest: logs undep
    ok 2 - logs undep
      ---
      duration_ms: 210.548948
      type: 'test'
      ...
    # Subtest: does NOT reopen the task itself — unblockDependents owns that transition
    ok 3 - does NOT reopen the task itself — unblockDependents owns that transition
      ---
      duration_ms: 175.447868
      type: 'test'
      ...
    # Subtest: leaves the task startable once its blocker completes, via the existing path
    ok 4 - leaves the task startable once its blocker completes, via the existing path
      ---
      duration_ms: 183.616882
      type: 'test'
      ...
    # Subtest: ignores a blocker that was never there
    ok 5 - ignores a blocker that was never there
      ---
      duration_ms: 106.034979
      type: 'test'
      ...
    # Subtest: adds and removes in one call
    ok 6 - adds and removes in one call
      ---
      duration_ms: 232.658101
      type: 'test'
      ...
    1..6
ok 77 - removing — which did not exist at all
  ---
  duration_ms: 1103.898172
  type: 'suite'
  ...
# Subtest: unblockDependents
    # Subtest: reopens a dependency-blocked task when its last blocker completes
    ok 1 - reopens a dependency-blocked task when its last blocker completes
      ---
      duration_ms: 288.74718
      type: 'test'
      ...
    # Subtest: leaves a task blocked while any other blocker is still open
    ok 2 - leaves a task blocked while any other blocker is still open
      ---
      duration_ms: 153.123965
      type: 'test'
      ...
    # Subtest: respects a human block — a written reason is a decision, not a dependency
    ok 3 - respects a human block — a written reason is a decision, not a dependency
      ---
      duration_ms: 169.237444
      type: 'test'
      ...
    # Subtest: treats a deleted blocker as resolved
    ok 4 - treats a deleted blocker as resolved
      ---
      duration_ms: 190.050938
      type: 'test'
      ...
    1..4
ok 78 - unblockDependents
  ---
  duration_ms: 802.6345
  type: 'suite'
  ...
# Subtest: nextTasks
    # Subtest: surfaces a dependency-blocked task once its blockers are done
    ok 1 - surfaces a dependency-blocked task once its blockers are done
      ---
      duration_ms: 221.619497
      type: 'test'
      ...
    # Subtest: hides tasks whose blockers are unfinished
    ok 2 - hides tasks whose blockers are unfinished
      ---
      duration_ms: 189.527287
      type: 'test'
      ...
    # Subtest: hides parked and in-progress work
    ok 3 - hides parked and in-progress work
      ---
      duration_ms: 152.340465
      type: 'test'
      ...
    1..3
ok 79 - nextTasks
  ---
  duration_ms: 564.072953
  type: 'suite'
  ...
# Subtest: orchestration backend — availability and request shape
    # Subtest: is available exactly when caps found the MCP binary
    ok 1 - is available exactly when caps found the MCP binary
      ---
      duration_ms: 0.923399
      type: 'test'
      ...
    # Subtest: maps task shape to intent: decision:research → research, bug → operations, else implementation
    ok 2 - maps task shape to intent: decision:research → research, bug → operations, else implementation
      ---
      duration_ms: 0.271568
      type: 'test'
      ...
    # Subtest: refuses to launch when the backend is unavailable, before spawning anything
    ok 3 - refuses to launch when the backend is unavailable, before spawning anything
      ---
      duration_ms: 0.467109
      type: 'test'
      ...
    # Subtest: refuses a relative worktree — consumerCwd is absolute by contract
    ok 4 - refuses a relative worktree — consumerCwd is absolute by contract
      ---
      duration_ms: 0.193359
      type: 'test'
      ...
    1..4
ok 80 - orchestration backend — availability and request shape
  ---
  duration_ms: 2.928606
  type: 'suite'
  ...
# Subtest: orchestration backend — the MCP handshake, against a fake server
    # Subtest: sends initialize then tools/call orchestration_spawn with the dispatch request shape
    ok 1 - sends initialize then tools/call orchestration_spawn with the dispatch request shape
      ---
      duration_ms: 77.844954
      type: 'test'
      ...
    # Subtest: maps an isError envelope to a refusal, naming code and message
    ok 2 - maps an isError envelope to a refusal, naming code and message
      ---
      duration_ms: 70.468428
      type: 'test'
      ...
    # Subtest: maps a JSON-RPC error to a refusal
    ok 3 - maps a JSON-RPC error to a refusal
      ---
      duration_ms: 84.895351
      type: 'test'
      ...
    # Subtest: times out a server that never answers, and kills the child
    ok 4 - times out a server that never answers, and kills the child
      ---
      duration_ms: 342.439608
      type: 'test'
      ...
    # Subtest: caps the stdout buffer: an oversized frame is a failure, not a heap
    ok 5 - caps the stdout buffer: an oversized frame is a failure, not a heap
      ---
      duration_ms: 57.990085
      type: 'test'
      ...
    # Subtest: tolerates non-JSON noise on stderr
    ok 6 - tolerates non-JSON noise on stderr
      ---
      duration_ms: 40.129802
      type: 'test'
      ...
    # Subtest: fails on a non-JSON line on stdout — the protocol is broken, the server is not who we think
    ok 7 - fails on a non-JSON line on stdout — the protocol is broken, the server is not who we think
      ---
      duration_ms: 60.922701
      type: 'test'
      ...
    1..7
ok 81 - orchestration backend — the MCP handshake, against a fake server
  ---
  duration_ms: 737.896778
  type: 'suite'
  ...
# Subtest: orchestration backend — no shell, ever
    # Subtest: spawns process.execPath with argv-only, and the prompt appears in NO argv element
    ok 1 - spawns process.execPath with argv-only, and the prompt appears in NO argv element
      ---
      duration_ms: 1.523693
      type: 'test'
      ...
    1..1
ok 82 - orchestration backend — no shell, ever
  ---
  duration_ms: 1.669785
  type: 'suite'
  ...
# Subtest: topology backend
    # Subtest: is available exactly when caps found ao-topology (which already needs tmux)
    ok 1 - is available exactly when caps found ao-topology (which already needs tmux)
      ---
      duration_ms: 0.445337
      type: 'test'
      ...
    # Subtest: launches into tm's worktree as the consumer and creates no checkout of its own
    ok 2 - launches into tm's worktree as the consumer and creates no checkout of its own
      ---
      duration_ms: 7.107049
      type: 'test'
      ...
    # Subtest: TM-417: records the producer's canonical workflow id, topology:<native run id>
    ok 3 - TM-417: records the producer's canonical workflow id, topology:<native run id>
      ---
      duration_ms: 2.007003
      type: 'test'
      ...
    # Subtest: the spec is one agent with no cwd of its own, so the consumer's default stands
    ok 4 - the spec is one agent with no cwd of its own, so the consumer's default stands
      ---
      duration_ms: 0.970109
      type: 'test'
      ...
    # Subtest: the prompt never becomes an argv element — it travels in the spec file and the worktree copy
    ok 5 - the prompt never becomes an argv element — it travels in the spec file and the worktree copy
      ---
      duration_ms: 11.483582
      type: 'test'
      ...
    # Subtest: borrows an identity from the repo's agent library when it has one
    ok 6 - borrows an identity from the repo's agent library when it has one
      ---
      duration_ms: 15.657329
      type: 'test'
      ...
    # Subtest: falls back to an inline single-agent spec when the repo has no roster
    ok 7 - falls back to an inline single-agent spec when the repo has no roster
      ---
      duration_ms: 20.029376
      type: 'test'
      ...
    # Subtest: a roster of nothing but the lead still goes inline
    ok 8 - a roster of nothing but the lead still goes inline
      ---
      duration_ms: 0.875768
      type: 'test'
      ...
    # Subtest: passes the dispatching session through, and omits identity vars that were never set
    ok 9 - passes the dispatching session through, and omits identity vars that were never set
      ---
      duration_ms: 1.336814
      type: 'test'
      ...
    # Subtest: TM-177: marks the worker in the launcher's env AND in the spec env the pane actually exports
    ok 10 - TM-177: marks the worker in the launcher's env AND in the spec env the pane actually exports
      ---
      duration_ms: 18.377971
      type: 'test'
      ...
    # Subtest: the dispatch identity rides the spec env too, not just the launcher's
    ok 11 - the dispatch identity rides the spec env too, not just the launcher's
      ---
      duration_ms: 1.106007
      type: 'test'
      ...
    # Subtest: the worker's session is the one that claimed for it, so it re-stamps rather than steals
    ok 12 - the worker's session is the one that claimed for it, so it re-stamps rather than steals
      ---
      duration_ms: 0.591155
      type: 'test'
      ...
    # Subtest: the dispatch's store wins over one a stored agent happens to carry
    ok 13 - the dispatch's store wins over one a stored agent happens to carry
      ---
      duration_ms: 0.854863
      type: 'test'
      ...
    # Subtest: TM-375: a dispatching secret reaches ao-topology's environment and never its spec file or argv
    ok 14 - TM-375: a dispatching secret reaches ao-topology's environment and never its spec file or argv
      ---
      duration_ms: 0.665277
      type: 'test'
      ...
    # Subtest: keeps stored env and args while the producer applies candidate-specific guards
    ok 15 - keeps stored env and args while the producer applies candidate-specific guards
      ---
      duration_ms: 1.310024
      type: 'test'
      ...
    # Subtest: bounds the launch: an explicit timeout and a capped buffer
    ok 16 - bounds the launch: an explicit timeout and a capped buffer
      ---
      duration_ms: 0.53563
      type: 'test'
      ...
    # Subtest: refuses a relative consumer before writing or spawning anything
    ok 17 - refuses a relative consumer before writing or spawning anything
      ---
      duration_ms: 0.215081
      type: 'test'
      ...
    # Subtest: refuses before spawning when unavailable
    ok 18 - refuses before spawning when unavailable
      ---
      duration_ms: 0.169338
      type: 'test'
      ...
    # Subtest: maps a nonzero exit to a refusal carrying ao-topology's stderr
    ok 19 - maps a nonzero exit to a refusal carrying ao-topology's stderr
      ---
      duration_ms: 0.567965
      type: 'test'
      ...
    # Subtest: maps a spawn error to a refusal
    ok 20 - maps a spawn error to a refusal
      ---
      duration_ms: 0.407426
      type: 'test'
      ...
    # Subtest: a launch that printed no run JSON is a refusal, not a fake success
    ok 21 - a launch that printed no run JSON is a refusal, not a fake success
      ---
      duration_ms: 0.431939
      type: 'test'
      ...
    1..21
ok 83 - topology backend
  ---
  duration_ms: 88.509547
  type: 'suite'
  ...
# Subtest: resolveBackend with the real modules
    # Subtest: topology wins when its launcher is present, even against orchestration
    ok 1 - topology wins when its launcher is present, even against orchestration
      ---
      duration_ms: 9.365776
      type: 'test'
      ...
    # Subtest: raw tmux is the fallback beneath topology, ahead of orchestration
    ok 2 - raw tmux is the fallback beneath topology, ahead of orchestration
      ---
      duration_ms: 1.203515
      type: 'test'
      ...
    # Subtest: falls through to orchestration, then manual, when no tmux exists
    ok 3 - falls through to orchestration, then manual, when no tmux exists
      ---
      duration_ms: 4.427316
      type: 'test'
      ...
    1..3
ok 84 - resolveBackend with the real modules
  ---
  duration_ms: 15.385766
  type: 'suite'
  ...
# Subtest: duplicateCommits — what counts
    # Subtest: ignores task-id prefixes, dependency mentions, and uncertain preparation
    ok 1 - ignores task-id prefixes, dependency mentions, and uncertain preparation
      ---
      duration_ms: 233.053854
      type: 'test'
      ...
    # Subtest: requires integration-branch ancestry, not an unmerged branch mention
    ok 2 - requires integration-branch ancestry, not an unmerged branch mention
      ---
      duration_ms: 231.191221
      type: 'test'
      ...
    # Subtest: finds a commit naming the task
    ok 3 - finds a commit naming the task
      ---
      duration_ms: 163.236946
      type: 'test'
      ...
    # Subtest: ignores the task's own branch
    ok 4 - ignores the task's own branch
      ---
      duration_ms: 248.866401
      type: 'test'
      ...
    # Subtest: ignores merge commits, so a task does not report itself once merged
    ok 5 - ignores merge commits, so a task does not report itself once merged
      ---
      duration_ms: 291.556899
      type: 'test'
      ...
    # Subtest: says nothing when it cannot see
    ok 6 - says nothing when it cannot see
      ---
      duration_ms: 116.755062
      type: 'test'
      ...
    1..6
ok 85 - duplicateCommits — what counts
  ---
  duration_ms: 1286.295158
  type: 'suite'
  ...
# Subtest: dispatch — the duplicate gate
    # Subtest: refuses a task whose work already landed, and leaves the board alone
    ok 1 - refuses a task whose work already landed, and leaves the board alone
      ---
      duration_ms: 197.627421
      type: 'test'
      ...
    # Subtest: --steal dispatches anyway
    ok 2 - --steal dispatches anyway
      ---
      duration_ms: 798.165143
      type: 'test'
      ...
    # Subtest: dispatchGuard false turns it off
    ok 3 - dispatchGuard false turns it off
      ---
      duration_ms: 635.094212
      type: 'test'
      ...
    # Subtest: does not refuse an unrelated repository
    ok 4 - does not refuse an unrelated repository
      ---
      duration_ms: 670.084456
      type: 'test'
      ...
    1..4
ok 86 - dispatch — the duplicate gate
  ---
  duration_ms: 2301.846233
  type: 'suite'
  ...
# Subtest: the pool tick — a duplicate that lands mid-flight
    # Subtest: reports it without killing the worker
    ok 1 - reports it without killing the worker
      ---
      duration_ms: 601.915252
      type: 'test'
      ...
    1..1
ok 87 - the pool tick — a duplicate that lands mid-flight
  ---
  duration_ms: 602.650501
  type: 'suite'
  ...
# Subtest: idle backend — the assignment shell-out
    # Subtest: builds argv-only, omits --agent so arbitration picks, and never passes the prompt as a word
    ok 1 - builds argv-only, omits --agent so arbitration picks, and never passes the prompt as a word
      ---
      duration_ms: 4.600769
      type: 'test'
      ...
    # Subtest: refuses a dispatch with no session id, before it writes anything
    ok 2 - refuses a dispatch with no session id, before it writes anything
      ---
      duration_ms: 0.642723
      type: 'test'
      ...
    # Subtest: refuses a relative worktree, because --consumer would resolve against the wrong checkout
    ok 3 - refuses a relative worktree, because --consumer would resolve against the wrong checkout
      ---
      duration_ms: 0.209154
      type: 'test'
      ...
    # Subtest: returns an idle:<agentId> handle — a WHO, not a session to watch for death
    ok 4 - returns an idle:<agentId> handle — a WHO, not a session to watch for death
      ---
      duration_ms: 16.063953
      type: 'test'
      ...
    1..4
ok 88 - idle backend — the assignment shell-out
  ---
  duration_ms: 24.640938
  type: 'suite'
  ...
# Subtest: pool preference — one predicate, not a second scheduler
    # Subtest: dispatch.preferIdle moves idle to the front and leaves the rest of the order alone
    ok 1 - dispatch.preferIdle moves idle to the front and leaves the rest of the order alone
      ---
      duration_ms: 74.41888
      type: 'test'
      ...
    # Subtest: an explicit backends list still wins, with idle hoisted rather than appended
    ok 2 - an explicit backends list still wins, with idle hoisted rather than appended
      ---
      duration_ms: 44.630701
      type: 'test'
      ...
    1..2
ok 89 - pool preference — one predicate, not a second scheduler
  ---
  duration_ms: 119.445305
  type: 'suite'
  ...
# Subtest: collectIdle — the completion signal is the reply, not a dead session
    # Subtest: routes to collectIdle from the dispatched record
    ok 1 - routes to collectIdle from the dispatched record
      ---
      duration_ms: 976.784341
      type: 'test'
      ...
    # Subtest: an unanswered assignment is pending — it does NOT ask tmux whether the session is alive
    ok 2 - an unanswered assignment is pending — it does NOT ask tmux whether the session is alive
      ---
      duration_ms: 720.034923
      type: 'test'
      ...
    # Subtest: a DONE reply for a task the store does not show done is recorded as a failure that says so
    ok 3 - a DONE reply for a task the store does not show done is recorded as a failure that says so
      ---
      duration_ms: 847.030019
      type: 'test'
      ...
    # Subtest: a terminal result releases the assignment, so the standing agent is free again
    ok 4 - a terminal result releases the assignment, so the standing agent is free again
      ---
      duration_ms: 665.016859
      type: 'test'
      ...
    # Subtest: releases even when recordResult refuses the outcome
    ok 5 - releases even when recordResult refuses the outcome
      ---
      duration_ms: 1105.899952
      type: 'test'
      ...
    # Subtest: a released or absent assignment is a skip, not an error
    ok 6 - a released or absent assignment is a skip, not an error
      ---
      duration_ms: 530.072556
      type: 'test'
      ...
    # Subtest: unparseable topology output is a refusal that quotes what came back, never a silent pass
    ok 7 - unparseable topology output is a refusal that quotes what came back, never a silent pass
      ---
      duration_ms: 418.130145
      type: 'test'
      ...
    # Subtest: never throws: a spawn that fails outright comes back as { ok:false }
    ok 8 - never throws: a spawn that fails outright comes back as { ok:false }
      ---
      duration_ms: 358.034721
      type: 'test'
      ...
    1..8
ok 90 - collectIdle — the completion signal is the reply, not a dead session
  ---
  duration_ms: 5621.887099
  type: 'suite'
  ...
# Subtest: TM-448 passEnv trusts only user config and never a reserved name
    # Subtest: repo-tracked passEnv is ignored with a warning, in tm config and in ao config
    ok 1 - repo-tracked passEnv is ignored with a warning, in tm config and in ao config
      ---
      duration_ms: 14.899227
      type: 'test'
      ...
    # Subtest: reserved names are refused from every layer
    ok 2 - reserved names are refused from every layer
      ---
      duration_ms: 7.376486
      type: 'test'
      ...
    # Subtest: the guard variables are applied after the secrets file, so it cannot override them
    ok 3 - the guard variables are applied after the secrets file, so it cannot override them
      ---
      duration_ms: 25.213146
      type: 'test'
      ...
    1..3
ok 91 - TM-448 passEnv trusts only user config and never a reserved name
  ---
  duration_ms: 53.440666
  type: 'suite'
  ...
# Subtest: TM-449 topology dispatch says which passEnv names it does not pass
    # Subtest: a tm-only name is reported on the result and the dispatched event; an ao global name is not
    ok 1 - a tm-only name is reported on the result and the dispatched event; an ao global name is not
      ---
      duration_ms: 440.486486
      type: 'test'
      ...
    1..1
ok 92 - TM-449 topology dispatch says which passEnv names it does not pass
  ---
  duration_ms: 440.742148
  type: 'suite'
  ...
# Subtest: TM-375 tmux backend passes configured secrets
    # Subtest: names come from user tm config and the ao global config; values never enter argv or detail
    ok 1 - names come from user tm config and the ao global config; values never enter argv or detail
      ---
      duration_ms: 23.917156
      type: 'test'
      ...
    # Subtest: a failed tmux start removes the staged file
    ok 2 - a failed tmux start removes the staged file
      ---
      duration_ms: 7.793915
      type: 'test'
      ...
    # Subtest: the worker's environment holds the secret and nothing on disk or in tmux does
    ok 3 - the worker's environment holds the secret and nothing on disk or in tmux does
      ---
      duration_ms: 546.7475
      type: 'test'
      ...
    1..3
ok 93 - TM-375 tmux backend passes configured secrets
  ---
  duration_ms: 578.934345
  type: 'suite'
  ...
# Subtest: aoGlobalPrefix
    # Subtest: reads a path prefix relative to the global config file, via config get --scope global
    ok 1 - reads a path prefix relative to the global config file, via config get --scope global
      ---
      duration_ms: 13.26961
      type: 'test'
      ...
    # Subtest: takes inline {text} and {file} entries
    ok 2 - takes inline {text} and {file} entries
      ---
      duration_ms: 14.823084
      type: 'test'
      ...
    # Subtest: no prefix configured, or no global layer: nothing to add and nothing to warn about
    ok 3 - no prefix configured, or no global layer: nothing to add and nothing to warn about
      ---
      duration_ms: 6.170786
      type: 'test'
      ...
    # Subtest: ao not installed: a warning, no text
    ok 4 - ao not installed: a warning, no text
      ---
      duration_ms: 2.469802
      type: 'test'
      ...
    # Subtest: ao refuses: the warning carries ao's own message from stdout
    ok 5 - ao refuses: the warning carries ao's own message from stdout
      ---
      duration_ms: 5.405162
      type: 'test'
      ...
    # Subtest: ao reports the global layer invalid: the prefix is not applied, and the warning says why
    ok 6 - ao reports the global layer invalid: the prefix is not applied, and the warning says why
      ---
      duration_ms: 6.138667
      type: 'test'
      ...
    # Subtest: an unreadable prefix file: a warning naming the path
    ok 7 - an unreadable prefix file: a warning naming the path
      ---
      duration_ms: 13.827499
      type: 'test'
      ...
    1..7
ok 94 - aoGlobalPrefix
  ---
  duration_ms: 66.730057
  type: 'suite'
  ...
# Subtest: dispatch prepends the prefix for tmux and manual only
    # Subtest: tmux: the worker's prompt starts with the prefix
    ok 1 - tmux: the worker's prompt starts with the prefix
      ---
      duration_ms: 630.685766
      type: 'test'
      ...
    # Subtest: manual: the worker's prompt starts with the prefix
    ok 2 - manual: the worker's prompt starts with the prefix
      ---
      duration_ms: 526.137939
      type: 'test'
      ...
    # Subtest: topology: ao composes the prefix itself, so dispatch never reads it
    ok 3 - topology: ao composes the prefix itself, so dispatch never reads it
      ---
      duration_ms: 408.836733
      type: 'test'
      ...
    # Subtest: ao missing: the dispatch still succeeds, with a recorded warning
    ok 4 - ao missing: the dispatch still succeeds, with a recorded warning
      ---
      duration_ms: 571.87896
      type: 'test'
      ...
    1..4
ok 95 - dispatch prepends the prefix for tmux and manual only
  ---
  duration_ms: 2138.330876
  type: 'suite'
  ...
# Subtest: CLI tm dispatch
    # Subtest: dispatches to a fake backend: claims, starts, provisions, prints the run
    ok 1 - dispatches to a fake backend: claims, starts, provisions, prints the run
      ---
      duration_ms: 970.803511
      type: 'test'
      ...
    # Subtest: prints the one-line summary and, for the manual backend, the commands to paste
    ok 2 - prints the one-line summary and, for the manual backend, the commands to paste
      ---
      duration_ms: 1184.06283
      type: 'test'
      ...
    # Subtest: --backend bogus is refused before anything is claimed
    ok 3 - --backend bogus is refused before anything is claimed
      ---
      duration_ms: 273.904728
      type: 'test'
      ...
    1..3
ok 96 - CLI tm dispatch
  ---
  duration_ms: 2430.023877
  type: 'suite'
  ...
# Subtest: the refusal wording is one string on every surface
    # Subtest: a live claim refuses CLI, MCP and HTTP with the exact same text
    ok 1 - a live claim refuses CLI, MCP and HTTP with the exact same text
      ---
      duration_ms: 1175.954268
      type: 'test'
      ...
    # Subtest: the WIP gate refuses dispatch on every surface with the exact same text
    ok 2 - the WIP gate refuses dispatch on every surface with the exact same text
      ---
      duration_ms: 292.552747
      type: 'test'
      ...
    1..2
ok 97 - the refusal wording is one string on every surface
  ---
  duration_ms: 1468.939266
  type: 'suite'
  ...
# Subtest: MCP tm_dispatch
    # Subtest: dispatches through the same core and answers with the dispatch result
    ok 1 - dispatches through the same core and answers with the dispatch result
      ---
      duration_ms: 506.437145
      type: 'test'
      ...
    # Subtest: refuses an id that does not exist
    ok 2 - refuses an id that does not exist
      ---
      duration_ms: 24.506239
      type: 'test'
      ...
    # Subtest: a re-dispatch from another session is refused while the first claim is live
    ok 3 - a re-dispatch from another session is refused while the first claim is live
      ---
      duration_ms: 545.804237
      type: 'test'
      ...
    1..3
ok 98 - MCP tm_dispatch
  ---
  duration_ms: 1077.310995
  type: 'suite'
  ...
# Subtest: HTTP POST /api/task/:id/dispatch
    # Subtest: 200 with the dispatch result on success
    ok 1 - 200 with the dispatch result on success
      ---
      duration_ms: 448.788027
      type: 'test'
      ...
    # Subtest: 404 for a missing task, 400 for a non-task id — requireTask's conventions
    ok 2 - 404 for a missing task, 400 for a non-task id — requireTask's conventions
      ---
      duration_ms: 51.635951
      type: 'test'
      ...
    1..2
ok 99 - HTTP POST /api/task/:id/dispatch
  ---
  duration_ms: 500.68423
  type: 'suite'
  ...
# Subtest: GET /api/caps
    # Subtest: returns the host capability report, manual floor included
    ok 1 - returns the host capability report, manual floor included
      ---
      duration_ms: 24.276605
      type: 'test'
      ...
    1..1
ok 100 - GET /api/caps
  ---
  duration_ms: 24.622237
  type: 'suite'
  ...
# Subtest: a supplied registry participates in selection
    # Subtest: reaches a registry backend whose name is not in the configured order
    ok 1 - reaches a registry backend whose name is not in the configured order
      ---
      duration_ms: 21.446891
      type: 'test'
      ...
    # Subtest: keeps an overridden name in its configured place rather than promoting it
    ok 2 - keeps an overridden name in its configured place rather than promoting it
      ---
      duration_ms: 23.247594
      type: 'test'
      ...
    1..2
ok 101 - a supplied registry participates in selection
  ---
  duration_ms: 44.912788
  type: 'suite'
  ...
# Subtest: a tool failure reports what the tool said
    # Subtest: reads the structured refusal ao-topology prints on STDOUT
    ok 1 - reads the structured refusal ao-topology prints on STDOUT
      ---
      duration_ms: 0.49091
      type: 'test'
      ...
    # Subtest: still prefers stderr when there is any, and never returns an empty tail
    ok 2 - still prefers stderr when there is any, and never returns an empty tail
      ---
      duration_ms: 0.250075
      type: 'test'
      ...
    1..2
ok 102 - a tool failure reports what the tool said
  ---
  duration_ms: 0.890622
  type: 'suite'
  ...
# Subtest: dispatch — the happy path
    # Subtest: claims, starts, provisions, hands off and records the run
    ok 1 - claims, starts, provisions, hands off and records the run
      ---
      duration_ms: 817.782723
      type: 'test'
      ...
    # Subtest: refuses a task that is already done
    ok 2 - refuses a task that is already done
      ---
      duration_ms: 131.077995
      type: 'test'
      ...
    # Subtest: refuses an id that does not exist
    ok 3 - refuses an id that does not exist
      ---
      duration_ms: 65.664832
      type: 'test'
      ...
    1..3
ok 103 - dispatch — the happy path
  ---
  duration_ms: 1015.7009
  type: 'suite'
  ...
# Subtest: dispatch — the PR base is always resolved, never left implicit
    # Subtest: resolves an unconfigured integration branch to the main checkout's own branch name
    ok 1 - resolves an unconfigured integration branch to the main checkout's own branch name
      ---
      duration_ms: 761.060105
      type: 'test'
      ...
    # Subtest: uses the configured integration branch when one is set
    ok 2 - uses the configured integration branch when one is set
      ---
      duration_ms: 736.238984
      type: 'test'
      ...
    # Subtest: ignores a stale TM_DISPATCH_INTEGRATION_BRANCH inherited from the dispatching shell
    ok 3 - ignores a stale TM_DISPATCH_INTEGRATION_BRANCH inherited from the dispatching shell
      ---
      duration_ms: 723.497823
      type: 'test'
      ...
    # Subtest: refuses rather than dispatch a worker with no resolvable PR base
    ok 4 - refuses rather than dispatch a worker with no resolvable PR base
      ---
      duration_ms: 122.199949
      type: 'test'
      ...
    1..4
ok 104 - dispatch — the PR base is always resolved, never left implicit
  ---
  duration_ms: 2345.044367
  type: 'suite'
  ...
# Subtest: dispatch — refusals leave nothing behind
    # Subtest: propagates the holder-named claim refusal verbatim and creates nothing
    ok 1 - propagates the holder-named claim refusal verbatim and creates nothing
      ---
      duration_ms: 396.594525
      type: 'test'
      ...
    # Subtest: releases the claim and keeps the task open when spawn fails
    ok 2 - releases the claim and keeps the task open when spawn fails
      ---
      duration_ms: 536.488166
      type: 'test'
      ...
    # Subtest: recovers the same way when provisioning throws
    ok 3 - recovers the same way when provisioning throws
      ---
      duration_ms: 811.666871
      type: 'test'
      ...
    1..3
ok 105 - dispatch — refusals leave nothing behind
  ---
  duration_ms: 1745.277247
  type: 'suite'
  ...
# Subtest: dispatch — re-dispatch of a live worker
    # Subtest: refuses a same-session re-dispatch and leaves the live claim and status untouched
    ok 1 - refuses a same-session re-dispatch and leaves the live claim and status untouched
      ---
      duration_ms: 450.327077
      type: 'test'
      ...
    # Subtest: re-dispatches cleanly once the claim is gone (the collect-then-redispatch flow)
    ok 2 - re-dispatches cleanly once the claim is gone (the collect-then-redispatch flow)
      ---
      duration_ms: 739.893185
      type: 'test'
      ...
    # Subtest: --steal cannot start a second writer in a live task checkout
    ok 3 - --steal cannot start a second writer in a live task checkout
      ---
      duration_ms: 401.232096
      type: 'test'
      ...
    1..3
ok 106 - dispatch — re-dispatch of a live worker
  ---
  duration_ms: 1591.786676
  type: 'suite'
  ...
# Subtest: backend resolution
    # Subtest: walks the configured order, skipping absent and unavailable backends
    ok 1 - walks the configured order, skipping absent and unavailable backends
      ---
      duration_ms: 218.309491
      type: 'test'
      ...
    # Subtest: reports why each skipped backend lost
    ok 2 - reports why each skipped backend lost
      ---
      duration_ms: 0.831828
      type: 'test'
      ...
    # Subtest: honours an explicit backend request and refuses if it is unavailable, before claiming
    ok 3 - honours an explicit backend request and refuses if it is unavailable, before claiming
      ---
      duration_ms: 63.160286
      type: 'test'
      ...
    # Subtest: defaults to the documented order when config says nothing
    ok 4 - defaults to the documented order when config says nothing
      ---
      duration_ms: 0.665609
      type: 'test'
      ...
    # Subtest: fleet is gone — not in the order, and not loadable as a module
    ok 5 - fleet is gone — not in the order, and not loadable as a module
      ---
      duration_ms: 0.178109
      type: 'test'
      ...
    1..5
ok 107 - backend resolution
  ---
  duration_ms: 283.43408
  type: 'suite'
  ...
# Subtest: tmux backend
    # Subtest: is available exactly when caps say tmux is
    ok 1 - is available exactly when caps say tmux is
      ---
      duration_ms: 0.146746
      type: 'test'
      ...
    # Subtest: builds an argv-only spawn: no shell, no shell string, prompt as one positional
    ok 2 - builds an argv-only spawn: no shell, no shell string, prompt as one positional
      ---
      duration_ms: 1.213693
      type: 'test'
      ...
    # Subtest: reports tmux's failure instead of claiming a run
    ok 3 - reports tmux's failure instead of claiming a run
      ---
      duration_ms: 0.475165
      type: 'test'
      ...
    # Subtest: TM-177: marks the pane as a dispatch worker and carries the guard hook on the command line
    ok 4 - TM-177: marks the pane as a dispatch worker and carries the guard hook on the command line
      ---
      duration_ms: 0.343321
      type: 'test'
      ...
    # Subtest: TM-177: a configured tmuxCommand keeps the worker env; --settings rides only on claude
    ok 5 - TM-177: a configured tmuxCommand keeps the worker env; --settings rides only on claude
      ---
      duration_ms: 1.459709
      type: 'test'
      ...
    1..5
ok 108 - tmux backend
  ---
  duration_ms: 3.789758
  type: 'suite'
  ...
# Subtest: manual backend
    # Subtest: is always available and returns paste-able commands, launching nothing
    ok 1 - is always available and returns paste-able commands, launching nothing
      ---
      duration_ms: 0.824014
      type: 'test'
      ...
    1..1
ok 109 - manual backend
  ---
  duration_ms: 0.889735
  type: 'suite'
  ...
# Subtest: a clean store
    # Subtest: reports nothing
    ok 1 - reports nothing
      ---
      duration_ms: 250.97721
      type: 'test'
      ...
    1..1
ok 110 - a clean store
  ---
  duration_ms: 252.208496
  type: 'suite'
  ...
# Subtest: dependency edges
    # Subtest: catches a blockedBy pointing at a task that does not exist
    ok 1 - catches a blockedBy pointing at a task that does not exist
      ---
      duration_ms: 288.776641
      type: 'test'
      ...
    # Subtest: catches half an edge and writes the other end
    ok 2 - catches half an edge and writes the other end
      ---
      duration_ms: 408.590715
      type: 'test'
      ...
    # Subtest: mirrors the other direction too
    ok 3 - mirrors the other direction too
      ---
      duration_ms: 470.718112
      type: 'test'
      ...
    # Subtest: finds a cycle that is not down the first edge
    ok 4 - finds a cycle that is not down the first edge
      ---
      duration_ms: 224.530155
      type: 'test'
      ...
    # Subtest: reports a cycle once, not once per member
    ok 5 - reports a cycle once, not once per member
      ---
      duration_ms: 228.253724
      type: 'test'
      ...
    # Subtest: reopens a task left blocked with no reason once its blockers are finished
    ok 6 - reopens a task left blocked with no reason once its blockers are finished
      ---
      duration_ms: 470.943566
      type: 'test'
      ...
    # Subtest: leaves a hand-written block alone — a reason is a decision
    ok 7 - leaves a hand-written block alone — a reason is a decision
      ---
      duration_ms: 198.565752
      type: 'test'
      ...
    1..7
ok 111 - dependency edges
  ---
  duration_ms: 2294.350676
  type: 'suite'
  ...
# Subtest: links, epics and parents
    # Subtest: writes the missing half of a Jira-shaped link
    ok 1 - writes the missing half of a Jira-shaped link
      ---
      duration_ms: 368.495596
      type: 'test'
      ...
    # Subtest: still calls a dependency on a non-task dangling
    ok 2 - still calls a dependency on a non-task dangling
      ---
      duration_ms: 152.343904
      type: 'test'
      ...
    # Subtest: still calls a parent that is not a task an orphan
    ok 3 - still calls a parent that is not a task an orphan
      ---
      duration_ms: 145.876267
      type: 'test'
      ...
    # Subtest: does not call a link to an ADR dangling — the CLI accepts those
    ok 4 - does not call a link to an ADR dangling — the CLI accepts those
      ---
      duration_ms: 218.731255
      type: 'test'
      ...
    # Subtest: drops a link to a task that does not exist
    ok 5 - drops a link to a task that does not exist
      ---
      duration_ms: 291.46894
      type: 'test'
      ...
    # Subtest: names a link type the store does not know, without inventing a mirror
    ok 6 - names a link type the store does not know, without inventing a mirror
      ---
      duration_ms: 137.205801
      type: 'test'
      ...
    # Subtest: clears an epic reference that points at nothing
    ok 7 - clears an epic reference that points at nothing
      ---
      duration_ms: 203.105723
      type: 'test'
      ...
    # Subtest: clears a sprint reference that points at nothing
    ok 8 - clears a sprint reference that points at nothing
      ---
      duration_ms: 183.78967
      type: 'test'
      ...
    # Subtest: leaves a real sprint commitment alone
    ok 9 - leaves a real sprint commitment alone
      ---
      duration_ms: 103.38158
      type: 'test'
      ...
    # Subtest: detaches a subtask whose parent is gone
    ok 10 - detaches a subtask whose parent is gone
      ---
      duration_ms: 205.586364
      type: 'test'
      ...
    # Subtest: finds a parent chain that loops
    ok 11 - finds a parent chain that loops
      ---
      duration_ms: 121.894973
      type: 'test'
      ...
    1..11
ok 112 - links, epics and parents
  ---
  duration_ms: 2132.904239
  type: 'suite'
  ...
# Subtest: claims
    # Subtest: releases a claim on a task that no longer exists
    ok 1 - releases a claim on a task that no longer exists
      ---
      duration_ms: 187.995007
      type: 'test'
      ...
    # Subtest: releases a claim left behind on parked work
    ok 2 - releases a claim left behind on parked work
      ---
      duration_ms: 195.428502
      type: 'test'
      ...
    # Subtest: releases a claim on finished work
    ok 3 - releases a claim on finished work
      ---
      duration_ms: 164.961636
      type: 'test'
      ...
    # Subtest: reports in_progress work that nobody claimed, and does not guess a fix
    ok 4 - reports in_progress work that nobody claimed, and does not guess a fix
      ---
      duration_ms: 78.619168
      type: 'test'
      ...
    1..4
ok 113 - claims
  ---
  duration_ms: 627.361113
  type: 'suite'
  ...
# Subtest: evidence, natives and the cache
    # Subtest: drops an evidence reference whose file is gone
    ok 1 - drops an evidence reference whose file is gone
      ---
      duration_ms: 179.424193
      type: 'test'
      ...
    # Subtest: leaves a url alone instead of dropping the PR that proves the task
    ok 2 - leaves a url alone instead of dropping the PR that proves the task
      ---
      duration_ms: 114.703557
      type: 'test'
      ...
    # Subtest: leaves an opaque handle alone
    ok 3 - leaves an opaque handle alone
      ---
      duration_ms: 108.520012
      type: 'test'
      ...
    # Subtest: checks an absolute ref where it points, not underneath the store
    ok 4 - checks an absolute ref where it points, not underneath the store
      ---
      duration_ms: 98.397861
      type: 'test'
      ...
    # Subtest: still drops an absolute ref that really is gone
    ok 5 - still drops an absolute ref that really is gone
      ---
      duration_ms: 137.697591
      type: 'test'
      ...
    # Subtest: treats a windows drive letter as a path, not a scheme
    ok 6 - treats a windows drive letter as a path, not a scheme
      ---
      duration_ms: 131.465343
      type: 'test'
      ...
    # Subtest: reports a store with no git contract, and writes one
    ok 7 - reports a store with no git contract, and writes one
      ---
      duration_ms: 131.290954
      type: 'test'
      ...
    # Subtest: reports a store an ancestor .gitignore keeps out of git
    ok 8 - reports a store an ancestor .gitignore keeps out of git
      ---
      duration_ms: 57.379401
      type: 'test'
      ...
    # Subtest: tops up a store written before the lock rules existed
    ok 9 - tops up a store written before the lock rules existed
      ---
      duration_ms: 105.436257
      type: 'test'
      ...
    # Subtest: reports a contract that predates a rule this version ships, and tops it up
    ok 10 - reports a contract that predates a rule this version ships, and tops it up
      ---
      duration_ms: 130.506669
      type: 'test'
      ...
    # Subtest: does not report a contract that is already current
    ok 11 - does not report a contract that is already current
      ---
      duration_ms: 178.184005
      type: 'test'
      ...
    # Subtest: ignores exactly the files that are per-machine, and nothing else
    ok 12 - ignores exactly the files that are per-machine, and nothing else
      ---
      duration_ms: 103.006232
      type: 'test'
      ...
    # Subtest: gitignores generated runtime files and keeps the board committable
    ok 13 - gitignores generated runtime files and keeps the board committable
      ---
      duration_ms: 53.039174
      type: 'test'
      ...
    # Subtest: untracks a host file git is still carrying, and leaves it on disk
    ok 14 - untracks a host file git is still carrying, and leaves it on disk
      ---
      duration_ms: 172.633977
      type: 'test'
      ...
    # Subtest: gives events.jsonl a union merge, because appending on two branches is never a real conflict
    ok 15 - gives events.jsonl a union merge, because appending on two branches is never a real conflict
      ---
      duration_ms: 75.345305
      type: 'test'
      ...
    # Subtest: does not overwrite a contract someone has edited
    ok 16 - does not overwrite a contract someone has edited
      ---
      duration_ms: 76.953245
      type: 'test'
      ...
    # Subtest: catches two files claiming one id, and refuses to pick a winner
    ok 17 - catches two files claiming one id, and refuses to pick a winner
      ---
      duration_ms: 45.173908
      type: 'test'
      ...
    # Subtest: does not cry duplicate for ids that merely share a prefix
    ok 18 - does not cry duplicate for ids that merely share a prefix
      ---
      duration_ms: 46.756126
      type: 'test'
      ...
    # Subtest: catches two tasks mirroring one native task
    ok 19 - catches two tasks mirroring one native task
      ---
      duration_ms: 63.481263
      type: 'test'
      ...
    # Subtest: notices index.json disagreeing with the files, and rebuilds it
    ok 20 - notices index.json disagreeing with the files, and rebuilds it
      ---
      duration_ms: 116.723806
      type: 'test'
      ...
    # Subtest: calls a missing index drift rather than crashing
    ok 21 - calls a missing index drift rather than crashing
      ---
      duration_ms: 45.173785
      type: 'test'
      ...
    1..21
ok 114 - evidence, natives and the cache
  ---
  duration_ms: 2172.703797
  type: 'suite'
  ...
# Subtest: project launcher migration
    # Subtest: regenerates missing canonical launchers
    ok 1 - regenerates missing canonical launchers
      ---
      duration_ms: 123.654979
      type: 'test'
      ...
    # Subtest: reports but never overwrites a foreign canonical launcher
    ok 2 - reports but never overwrites a foreign canonical launcher
      ---
      duration_ms: 108.173983
      type: 'test'
      ...
    # Subtest: removes generated old-path launchers and preserves foreign siblings
    ok 3 - removes generated old-path launchers and preserves foreign siblings
      ---
      duration_ms: 122.817026
      type: 'test'
      ...
    # Subtest: removes only provably owned global links during an explicit repair
    ok 4 - removes only provably owned global links during an explicit repair
      ---
      duration_ms: 104.569369
      type: 'test'
      ...
    # Subtest: removes plugin.autolink without disturbing sibling plugin configuration
    ok 5 - removes plugin.autolink without disturbing sibling plugin configuration
      ---
      duration_ms: 101.495746
      type: 'test'
      ...
    # Subtest: rewrites recognized Codex hook commands while preserving unrelated hooks
    ok 6 - rewrites recognized Codex hook commands while preserving unrelated hooks
      ---
      duration_ms: 118.994683
      type: 'test'
      ...
    1..6
ok 115 - project launcher migration
  ---
  duration_ms: 680.182257
  type: 'suite'
  ...
# Subtest: repairAll
    # Subtest: keeps going when one repair uncovers the next
    ok 1 - keeps going when one repair uncovers the next
      ---
      duration_ms: 152.562376
      type: 'test'
      ...
    # Subtest: stops rather than spinning, even if the store never settles
    ok 2 - stops rather than spinning, even if the store never settles
      ---
      duration_ms: 54.564152
      type: 'test'
      ...
    # Subtest: does nothing on a clean store
    ok 3 - does nothing on a clean store
      ---
      duration_ms: 47.574103
      type: 'test'
      ...
    1..3
ok 116 - repairAll
  ---
  duration_ms: 254.992282
  type: 'suite'
  ...
# Subtest: plans (BDM-72)
    # Subtest: reports a dangling epic.plan and does not delete the pointer on --fix
    ok 1 - reports a dangling epic.plan and does not delete the pointer on --fix
      ---
      duration_ms: 123.612531
      type: 'test'
      ...
    # Subtest: reports an unreferenced plans/*.md and does not delete the file
    ok 2 - reports an unreferenced plans/*.md and does not delete the file
      ---
      duration_ms: 130.186456
      type: 'test'
      ...
    # Subtest: is quiet when the plan file exists and is linked
    ok 3 - is quiet when the plan file exists and is linked
      ---
      duration_ms: 72.502927
      type: 'test'
      ...
    1..3
ok 117 - plans (BDM-72)
  ---
  duration_ms: 326.516604
  type: 'suite'
  ...
# Subtest: completeness findings (TM-079)
    # Subtest: audits a done task that closed without its required fields — the harness-mirror hole
    ok 1 - audits a done task that closed without its required fields — the harness-mirror hole
      ---
      duration_ms: 123.121504
      type: 'test'
      ...
    # Subtest: audits an open task carrying no body and no criteria
    ok 2 - audits an open task carrying no body and no criteria
      ---
      duration_ms: 46.052305
      type: 'test'
      ...
    # Subtest: audits an in_progress task the same way
    ok 3 - audits an in_progress task the same way
      ---
      duration_ms: 54.292192
      type: 'test'
      ...
    # Subtest: leaves a blocked task alone — the requirement is asked when the work actually starts
    ok 4 - leaves a blocked task alone — the requirement is asked when the work actually starts
      ---
      duration_ms: 53.828988
      type: 'test'
      ...
    # Subtest: says nothing about a task that carries what its status requires
    ok 5 - says nothing about a task that carries what its status requires
      ---
      duration_ms: 75.154063
      type: 'test'
      ...
    # Subtest: stays quiet for a project that has turned the requirements off
    ok 6 - stays quiet for a project that has turned the requirements off
      ---
      duration_ms: 78.208948
      type: 'test'
      ...
    # Subtest: never reports these at error level — the exit code gates on stores that lie, not on untidy ones
    ok 7 - never reports these at error level — the exit code gates on stores that lie, not on untidy ones
      ---
      duration_ms: 73.350854
      type: 'test'
      ...
    1..7
ok 118 - completeness findings (TM-079)
  ---
  duration_ms: 504.483828
  type: 'suite'
  ...
# Subtest: render
    # Subtest: groups by level and offers the repair when there is one
    ok 1 - groups by level and offers the repair when there is one
      ---
      duration_ms: 42.788489
      type: 'test'
      ...
    # Subtest: reports what it did after a repair
    ok 2 - reports what it did after a repair
      ---
      duration_ms: 83.521612
      type: 'test'
      ...
    1..2
ok 119 - render
  ---
  duration_ms: 126.618935
  type: 'suite'
  ...
# Subtest: editTask
    # Subtest: corrects a title
    ok 1 - corrects a title
      ---
      duration_ms: 85.664629
      type: 'test'
      ...
    # Subtest: keeps the file name, because the id is the identity and the slug is decoration
    ok 2 - keeps the file name, because the id is the identity and the slug is decoration
      ---
      duration_ms: 81.80697
      type: 'test'
      ...
    # Subtest: rewrites the body, and can empty it
    ok 3 - rewrites the body, and can empty it
      ---
      duration_ms: 88.206653
      type: 'test'
      ...
    # Subtest: changes both at once
    ok 4 - changes both at once
      ---
      duration_ms: 65.173001
      type: 'test'
      ...
    # Subtest: writes nothing when the value is what it already was
    ok 5 - writes nothing when the value is what it already was
      ---
      duration_ms: 50.741102
      type: 'test'
      ...
    # Subtest: sees an unchanged body through the round-trip that does not return what it was given
    ok 6 - sees an unchanged body through the round-trip that does not return what it was given
      ---
      duration_ms: 68.008291
      type: 'test'
      ...
    # Subtest: trims, and refuses a title that is only whitespace
    ok 7 - trims, and refuses a title that is only whitespace
      ---
      duration_ms: 75.513538
      type: 'test'
      ...
    # Subtest: refuses an id that does not exist
    ok 8 - refuses an id that does not exist
      ---
      duration_ms: 5.342958
      type: 'test'
      ...
    # Subtest: logs one specific event, so the log says what happened rather than 'a field changed'
    ok 9 - logs one specific event, so the log says what happened rather than 'a field changed'
      ---
      duration_ms: 102.922145
      type: 'test'
      ...
    1..9
ok 120 - editTask
  ---
  duration_ms: 627.194401
  type: 'suite'
  ...
# Subtest: moveTask
    # Subtest: refiles a task under another epic
    ok 1 - refiles a task under another epic
      ---
      duration_ms: 223.712444
      type: 'test'
      ...
    # Subtest: detaches on `none`
    ok 2 - detaches on `none`
      ---
      duration_ms: 211.036694
      type: 'test'
      ...
    # Subtest: is a no-op when it is already there, and says so instead of writing
    ok 3 - is a no-op when it is already there, and says so instead of writing
      ---
      duration_ms: 129.638586
      type: 'test'
      ...
    # Subtest: reopens a done destination when the task arriving is not finished
    ok 4 - reopens a done destination when the task arriving is not finished
      ---
      duration_ms: 227.894245
      type: 'test'
      ...
    # Subtest: leaves a done destination closed when the task arriving is also done
    ok 5 - leaves a done destination closed when the task arriving is also done
      ---
      duration_ms: 165.70651
      type: 'test'
      ...
    # Subtest: closes the source epic when the move leaves only finished work behind
    ok 6 - closes the source epic when the move leaves only finished work behind
      ---
      duration_ms: 265.088624
      type: 'test'
      ...
    # Subtest: does not close a source it emptied completely
    ok 7 - does not close a source it emptied completely
      ---
      duration_ms: 212.291835
      type: 'test'
      ...
    # Subtest: refuses a destination that is not an epic, and one that does not exist
    ok 8 - refuses a destination that is not an epic, and one that does not exist
      ---
      duration_ms: 270.151069
      type: 'test'
      ...
    # Subtest: refuses to move something that is not a task
    ok 9 - refuses to move something that is not a task
      ---
      duration_ms: 97.13787
      type: 'test'
      ...
    # Subtest: records where it came from, which the destination alone does not tell you
    ok 10 - records where it came from, which the destination alone does not tell you
      ---
      duration_ms: 138.81771
      type: 'test'
      ...
    1..10
ok 121 - moveTask
  ---
  duration_ms: 1942.378706
  type: 'suite'
  ...
# Subtest: gateTaskCreate draft completeness
    # Subtest: refuses an explicit draft missing body and acceptance, naming both fixes
    ok 1 - refuses an explicit draft missing body and acceptance, naming both fixes
      ---
      duration_ms: 67.145387
      type: 'test'
      ...
    # Subtest: refuses a draft with a body but no criteria
    ok 2 - refuses a draft with a body but no criteria
      ---
      duration_ms: 40.190922
      type: 'test'
      ...
    # Subtest: allows a draft carrying body and a criterion
    ok 3 - allows a draft carrying body and a criterion
      ---
      duration_ms: 51.55834
      type: 'test'
      ...
    # Subtest: skips the check when the draft is null — the harness-mirror exemption
    ok 4 - skips the check when the draft is null — the harness-mirror exemption
      ---
      duration_ms: 53.664646
      type: 'test'
      ...
    # Subtest: requireEpic still refuses first, draft or not
    ok 5 - requireEpic still refuses first, draft or not
      ---
      duration_ms: 1.321815
      type: 'test'
      ...
    # Subtest: spends an override on the draft refusal exactly once
    ok 6 - spends an override on the draft refusal exactly once
      ---
      duration_ms: 60.005945
      type: 'test'
      ...
    # Subtest: TM_ENFORCE=off opens the gate
    ok 7 - TM_ENFORCE=off opens the gate
      ---
      duration_ms: 1.484409
      type: 'test'
      ...
    1..7
ok 122 - gateTaskCreate draft completeness
  ---
  duration_ms: 278.310499
  type: 'suite'
  ...
# Subtest: gateStart completeness
    # Subtest: refuses an incomplete task even under the WIP limit
    ok 1 - refuses an incomplete task even under the WIP limit
      ---
      duration_ms: 51.303493
      type: 'test'
      ...
    # Subtest: allows a task carrying body and criteria
    ok 2 - allows a task carrying body and criteria
      ---
      duration_ms: 47.977323
      type: 'test'
      ...
    # Subtest: the WIP refusal still leads when the board is full
    ok 3 - the WIP refusal still leads when the board is full
      ---
      duration_ms: 99.25923
      type: 'test'
      ...
    # Subtest: spends an override on the completeness refusal exactly once
    ok 4 - spends an override on the completeness refusal exactly once
      ---
      duration_ms: 37.022489
      type: 'test'
      ...
    # Subtest: enforcement off starts anything
    ok 5 - enforcement off starts anything
      ---
      duration_ms: 57.658167
      type: 'test'
      ...
    1..5
ok 123 - gateStart completeness
  ---
  duration_ms: 293.960638
  type: 'suite'
  ...
# Subtest: gateDone completeness
    # Subtest: allows a task carrying the full record
    ok 1 - allows a task carrying the full record
      ---
      duration_ms: 66.716356
      type: 'test'
      ...
    # Subtest: refuses an empty body
    ok 2 - refuses an empty body
      ---
      duration_ms: 63.944685
      type: 'test'
      ...
    # Subtest: closes the zero-AC hole: no criteria at all refuses done
    ok 3 - closes the zero-AC hole: no criteria at all refuses done
      ---
      duration_ms: 52.573244
      type: 'test'
      ...
    # Subtest: unticked criteria still refuse with the older message
    ok 4 - unticked criteria still refuse with the older message
      ---
      duration_ms: 41.591443
      type: 'test'
      ...
    # Subtest: refuses missing evidence
    ok 5 - refuses missing evidence
      ---
      duration_ms: 77.325639
      type: 'test'
      ...
    # Subtest: refuses missing actor, and the actor field alone satisfies it
    ok 6 - refuses missing actor, and the actor field alone satisfies it
      ---
      duration_ms: 111.959078
      type: 'test'
      ...
    # Subtest: lists every gap and its fix at once
    ok 7 - lists every gap and its fix at once
      ---
      duration_ms: 64.727923
      type: 'test'
      ...
    # Subtest: spends an override on the completeness refusal exactly once
    ok 8 - spends an override on the completeness refusal exactly once
      ---
      duration_ms: 100.868619
      type: 'test'
      ...
    # Subtest: TM_ENFORCE=off closes anything
    ok 9 - TM_ENFORCE=off closes anything
      ---
      duration_ms: 56.701281
      type: 'test'
      ...
    # Subtest: an empty requireOnDone list ungates completeness for the project
    ok 10 - an empty requireOnDone list ungates completeness for the project
      ---
      duration_ms: 49.331645
      type: 'test'
      ...
    1..10
ok 124 - gateDone completeness
  ---
  duration_ms: 686.905112
  type: 'suite'
  ...
# Subtest: dest + ref
    # Subtest: names a copied file TM-NNN-<basename>, the same as `tm evidence <id> <path>`
    ok 1 - names a copied file TM-NNN-<basename>, the same as `tm evidence <id> <path>`
      ---
      duration_ms: 45.118491
      type: 'test'
      ...
    # Subtest: does not double a prefix the source filename already carries
    ok 2 - does not double a prefix the source filename already carries
      ---
      duration_ms: 46.599021
      type: 'test'
      ...
    # Subtest: does not prefix when the leading id-run already names this task
    ok 3 - does not prefix when the leading id-run already names this task
      ---
      duration_ms: 2.101231
      type: 'test'
      ...
    # Subtest: references a source already inside the evidence directory instead of copying it
    ok 4 - references a source already inside the evidence directory instead of copying it
      ---
      duration_ms: 73.361946
      type: 'test'
      ...
    # Subtest: records a ref once, however many times the same artifact is attached
    ok 5 - records a ref once, however many times the same artifact is attached
      ---
      duration_ms: 129.154152
      type: 'test'
      ...
    # Subtest: detaches a ref and leaves the file, because a file may be shared
    ok 6 - detaches a ref and leaves the file, because a file may be shared
      ---
      duration_ms: 110.601574
      type: 'test'
      ...
    # Subtest: requires the separator, so a short id cannot swallow a longer one's prefix
    ok 7 - requires the separator, so a short id cannot swallow a longer one's prefix
      ---
      duration_ms: 4.884231
      type: 'test'
      ...
    # Subtest: names stdin/text TM-NNN-<ts>.log, the same as `tm evidence <id> -`
    ok 8 - names stdin/text TM-NNN-<ts>.log, the same as `tm evidence <id> -`
      ---
      duration_ms: 48.406707
      type: 'test'
      ...
    1..8
ok 125 - dest + ref
  ---
  duration_ms: 462.036491
  type: 'suite'
  ...
# Subtest: POST appends
    # Subtest: writes the log and appends the ref via mutate
    ok 1 - writes the log and appends the ref via mutate
      ---
      duration_ms: 105.744733
      type: 'test'
      ...
    # Subtest: copies a path as TM-NNN-<basename>
    ok 2 - copies a path as TM-NNN-<basename>
      ---
      duration_ms: 91.279832
      type: 'test'
      ...
    1..2
ok 126 - POST appends
  ---
  duration_ms: 197.411848
  type: 'suite'
  ...
# Subtest: allowlist GET
    # Subtest: 200s only when the ref is on this task and the realpath is inside p.evidence
    ok 1 - 200s only when the ref is on this task and the realpath is inside p.evidence
      ---
      duration_ms: 84.808469
      type: 'test'
      ...
    # Subtest: 404s a URL, even when the task lists it
    ok 2 - 404s a URL, even when the task lists it
      ---
      duration_ms: 60.899167
      type: 'test'
      ...
    # Subtest: 404s a browser: handle and any other scheme
    ok 3 - 404s a browser: handle and any other scheme
      ---
      duration_ms: 57.254394
      type: 'test'
      ...
    # Subtest: 404s another task's file
    ok 4 - 404s another task's file
      ---
      duration_ms: 153.614424
      type: 'test'
      ...
    # Subtest: 404s traversal even if the traversal string is listed
    ok 5 - 404s traversal even if the traversal string is listed
      ---
      duration_ms: 67.599066
      type: 'test'
      ...
    # Subtest: 404s an absolute path outside p.evidence
    ok 6 - 404s an absolute path outside p.evidence
      ---
      duration_ms: 55.9589
      type: 'test'
      ...
    # Subtest: 404s a symlink that escapes p.evidence
    ok 7 - 404s a symlink that escapes p.evidence
      ---
      duration_ms: 70.638434
      type: 'test'
      ...
    1..7
ok 127 - allowlist GET
  ---
  duration_ms: 552.015615
  type: 'suite'
  ...
# Subtest: list, detach, doctor
    # Subtest: GET /evidence derives kind/name/exists/previewable and writes no frontmatter
    ok 1 - GET /evidence derives kind/name/exists/previewable and writes no frontmatter
      ---
      duration_ms: 73.171562
      type: 'test'
      ...
    # Subtest: detach filters the array and leaves the file on disk
    ok 2 - detach filters the array and leaves the file on disk
      ---
      duration_ms: 106.537638
      type: 'test'
      ...
    # Subtest: a URL survives doctor --fix (TM-007 / TM-016)
    ok 3 - a URL survives doctor --fix (TM-007 / TM-016)
      ---
      duration_ms: 145.111458
      type: 'test'
      ...
    1..3
ok 128 - list, detach, doctor
  ---
  duration_ms: 325.088087
  type: 'suite'
  ...
# Subtest: evidence provenance
    # Subtest: records the absolute source path and a content hash at attach time
    ok 1 - records the absolute source path and a content hash at attach time
      ---
      duration_ms: 89.429282
      type: 'test'
      ...
    # Subtest: reports drift, naming the source, when the source is edited after the copy
    ok 2 - reports drift, naming the source, when the source is edited after the copy
      ---
      duration_ms: 313.925308
      type: 'test'
      ...
    # Subtest: keeps drift a warning, so an edited source cannot turn the board red
    ok 3 - keeps drift a warning, so an edited source cannot turn the board red
      ---
      duration_ms: 198.058331
      type: 'test'
      ...
    # Subtest: leaves a drifted attachment alone under --fix
    ok 4 - leaves a drifted attachment alone under --fix
      ---
      duration_ms: 179.597417
      type: 'test'
      ...
    # Subtest: distinguishes a deleted source from a changed one, and from a missing copy
    ok 5 - distinguishes a deleted source from a changed one, and from a missing copy
      ---
      duration_ms: 176.209853
      type: 'test'
      ...
    # Subtest: calls an attachment with no recorded provenance unknown, and says nothing about it
    ok 6 - calls an attachment with no recorded provenance unknown, and says nothing about it
      ---
      duration_ms: 149.721681
      type: 'test'
      ...
    # Subtest: treats an inline capture as inline, not as a source that vanished
    ok 7 - treats an inline capture as inline, not as a source that vanished
      ---
      duration_ms: 122.315869
      type: 'test'
      ...
    # Subtest: clears the drift when the source is attached again
    ok 8 - clears the drift when the source is attached again
      ---
      duration_ms: 241.944508
      type: 'test'
      ...
    # Subtest: drops the provenance entry when the ref is detached
    ok 9 - drops the provenance entry when the ref is detached
      ---
      duration_ms: 101.488532
      type: 'test'
      ...
    # Subtest: says nothing about a url — there is no source path to compare
    ok 10 - says nothing about a url — there is no source path to compare
      ---
      duration_ms: 124.935866
      type: 'test'
      ...
    1..10
ok 129 - evidence provenance
  ---
  duration_ms: 1698.934339
  type: 'suite'
  ...
# Subtest: csvField
    # Subtest: leaves an ordinary value alone
    ok 1 - leaves an ordinary value alone
      ---
      duration_ms: 2.482426
      type: 'test'
      ...
    # Subtest: quotes a comma
    ok 2 - quotes a comma
      ---
      duration_ms: 0.193064
      type: 'test'
      ...
    # Subtest: quotes and doubles an embedded quote
    ok 3 - quotes and doubles an embedded quote
      ---
      duration_ms: 0.174245
      type: 'test'
      ...
    # Subtest: quotes a newline, which is legal inside a quoted field
    ok 4 - quotes a newline, which is legal inside a quoted field
      ---
      duration_ms: 0.217921
      type: 'test'
      ...
    # Subtest: renders null and undefined as empty, not as the word
    ok 5 - renders null and undefined as empty, not as the word
      ---
      duration_ms: 0.162885
      type: 'test'
      ...
    1..5
ok 130 - csvField
  ---
  duration_ms: 4.936561
  type: 'suite'
  ...
# Subtest: csv
    # Subtest: keeps a title with a quote and a comma in one field
    ok 1 - keeps a title with a quote and a comma in one field
      ---
      duration_ms: 188.152375
      type: 'test'
      ...
    # Subtest: keeps a multi-line body and multi-line criteria intact
    ok 2 - keeps a multi-line body and multi-line criteria intact
      ---
      duration_ms: 198.478667
      type: 'test'
      ...
    # Subtest: carries the Jira-shaped fields
    ok 3 - carries the Jira-shaped fields
      ---
      duration_ms: 187.392727
      type: 'test'
      ...
    # Subtest: translates status into Jira's vocabulary
    ok 4 - translates status into Jira's vocabulary
      ---
      duration_ms: 238.271574
      type: 'test'
      ...
    # Subtest: emits a header even for an empty board
    ok 5 - emits a header even for an empty board
      ---
      duration_ms: 1.247438
      type: 'test'
      ...
    1..5
ok 131 - csv
  ---
  duration_ms: 814.091704
  type: 'suite'
  ...
# Subtest: filters
    # Subtest: scopes to one epic
    ok 1 - scopes to one epic
      ---
      duration_ms: 270.048876
      type: 'test'
      ...
    # Subtest: scopes to one status
    ok 2 - scopes to one status
      ---
      duration_ms: 175.725703
      type: 'test'
      ...
    # Subtest: drops done work with includeDone false
    ok 3 - drops done work with includeDone false
      ---
      duration_ms: 185.42931
      type: 'test'
      ...
    1..3
ok 132 - filters
  ---
  duration_ms: 631.503852
  type: 'suite'
  ...
# Subtest: markdown
    # Subtest: files tasks under their epic with progress
    ok 1 - files tasks under their epic with progress
      ---
      duration_ms: 121.276365
      type: 'test'
      ...
    # Subtest: carries criteria, facts and commits
    ok 2 - carries criteria, facts and commits
      ---
      duration_ms: 194.754255
      type: 'test'
      ...
    # Subtest: gives tasks with no epic a home rather than dropping them
    ok 3 - gives tasks with no epic a home rather than dropping them
      ---
      duration_ms: 53.693448
      type: 'test'
      ...
    # Subtest: says what a blocked task is waiting on
    ok 4 - says what a blocked task is waiting on
      ---
      duration_ms: 262.760779
      type: 'test'
      ...
    1..4
ok 133 - markdown
  ---
  duration_ms: 632.85469
  type: 'suite'
  ...
# Subtest: json
    # Subtest: carries every entity without the on-disk file path
    ok 1 - carries every entity without the on-disk file path
      ---
      duration_ms: 164.07918
      type: 'test'
      ...
    # Subtest: includes the event log only when asked
    ok 2 - includes the event log only when asked
      ---
      duration_ms: 156.797368
      type: 'test'
      ...
    1..2
ok 134 - json
  ---
  duration_ms: 321.155779
  type: 'suite'
  ...
# Subtest: exportStore
    # Subtest: dispatches every advertised format
    ok 1 - dispatches every advertised format
      ---
      duration_ms: 145.428356
      type: 'test'
      ...
    # Subtest: refuses a format it does not have, naming the ones it does
    ok 2 - refuses a format it does not have, naming the ones it does
      ---
      duration_ms: 4.639189
      type: 'test'
      ...
    # Subtest: ends every format with a newline, so it concatenates and pipes cleanly
    ok 3 - ends every format with a newline, so it concatenates and pipes cleanly
      ---
      duration_ms: 194.834213
      type: 'test'
      ...
    1..3
ok 135 - exportStore
  ---
  duration_ms: 345.172881
  type: 'suite'
  ...
# Subtest: finish-check readers agree (TM-493)
    # Subtest: runs every row through both readers and matches the pinned verdicts
    ok 1 - runs every row through both readers and matches the pinned verdicts
      ---
      duration_ms: 80.916948
      type: 'test'
      ...
    # Subtest: an empty or absent checks list: tm refuses it, AO reads it as no evidence
    ok 2 - an empty or absent checks list: tm refuses it, AO reads it as no evidence
      ---
      duration_ms: 1.386338
      type: 'test'
      ...
    1..2
ok 136 - finish-check readers agree (TM-493)
  ---
  duration_ms: 83.49132
  type: 'suite'
  ...
# Subtest: tm dep with a foreign ref
    # Subtest: stores it in foreignBlockers, never blockedBy, and blocks the task
    ok 1 - stores it in foreignBlockers, never blockedBy, and blocks the task
      ---
      duration_ms: 110.872199
      type: 'test'
      ...
    # Subtest: an unresolved foreign blocker is unmet: done on a local sibling does not unblock
    ok 2 - an unresolved foreign blocker is unmet: done on a local sibling does not unblock
      ---
      duration_ms: 183.431607
      type: 'test'
      ...
    # Subtest: a missing or unreadable foreign blocker entry does not unblock
    ok 3 - a missing or unreadable foreign blocker entry does not unblock
      ---
      duration_ms: 464.516178
      type: 'test'
      ...
    # Subtest: tm why names each unresolved foreign blocker and does not call the task startable
    ok 4 - tm why names each unresolved foreign blocker and does not call the task startable
      ---
      duration_ms: 119.983177
      type: 'test'
      ...
    # Subtest: stores the ref as written (padding kept) and matches across case and padding
    ok 5 - stores the ref as written (padding kept) and matches across case and padding
      ---
      duration_ms: 467.856059
      type: 'test'
      ...
    # Subtest: doctor does not call a task held by an unresolved foreign blocker stuck
    ok 6 - doctor does not call a task held by an unresolved foreign blocker stuck
      ---
      duration_ms: 137.554683
      type: 'test'
      ...
    # Subtest: a leading - removes it; local deps are untouched
    ok 7 - a leading - removes it; local deps are untouched
      ---
      duration_ms: 151.754764
      type: 'test'
      ...
    # Subtest: the CLI refuses an unknown flag instead of treating it as a removal
    ok 8 - the CLI refuses an unknown flag instead of treating it as a removal
      ---
      duration_ms: 421.851943
      type: 'test'
      ...
    1..8
ok 137 - tm dep with a foreign ref
  ---
  duration_ms: 2060.262656
  type: 'suite'
  ...
# Subtest: tm upstream-resolved
    # Subtest: logs unblocked with the ref as the caller wrote it, padding kept
    ok 1 - logs unblocked with the ref as the caller wrote it, padding kept
      ---
      duration_ms: 130.587545
      type: 'test'
      ...
    # Subtest: marks every holder, and reopens only tasks whose every blocker is met, emitting unblocked
    ok 2 - marks every holder, and reopens only tasks whose every blocker is met, emitting unblocked
      ---
      duration_ms: 551.760796
      type: 'test'
      ...
    # Subtest: refuses a missing or non-sha --landed, a non-foreign ref and an unknown flag
    ok 3 - refuses a missing or non-sha --landed, a non-foreign ref and an unknown flag
      ---
      duration_ms: 838.201536
      type: 'test'
      ...
    1..3
ok 138 - tm upstream-resolved
  ---
  duration_ms: 1520.961948
  type: 'suite'
  ...
# Subtest: tm task new --filed-by
    # Subtest: writes filedBy and decision:intake, and the task is not ready-for-agent
    ok 1 - writes filedBy and decision:intake, and the task is not ready-for-agent
      ---
      duration_ms: 246.659867
      type: 'test'
      ...
    # Subtest: refuses a malformed --filed-by rather than baking it into the title
    ok 2 - refuses a malformed --filed-by rather than baking it into the title
      ---
      duration_ms: 150.633849
      type: 'test'
      ...
    1..2
ok 139 - tm task new --filed-by
  ---
  duration_ms: 397.536658
  type: 'suite'
  ...
# Subtest: gateStart
    # Subtest: allows under the limit, refuses at it, and does not count the task against itself
    ok 1 - allows under the limit, refuses at it, and does not count the task against itself
      ---
      duration_ms: 159.754204
      type: 'test'
      ...
    # Subtest: spends an override once
    ok 2 - spends an override once
      ---
      duration_ms: 107.744954
      type: 'test'
      ...
    # Subtest: is open when enforcement is off or the limit is 0
    ok 3 - is open when enforcement is off or the limit is 0
      ---
      duration_ms: 92.739979
      type: 'test'
      ...
    1..3
ok 140 - gateStart
  ---
  duration_ms: 367.158943
  type: 'suite'
  ...
# Subtest: gateStop with dispatched work
    # Subtest: does not block the stop for a dispatched task this session claims
    ok 1 - does not block the stop for a dispatched task this session claims
      ---
      duration_ms: 108.833775
      type: 'test'
      ...
    # Subtest: still blocks for an ordinary in_progress task
    ok 2 - still blocks for an ordinary in_progress task
      ---
      duration_ms: 93.840179
      type: 'test'
      ...
    # Subtest: blocks only on the non-dispatched tasks of a mixed set
    ok 3 - blocks only on the non-dispatched tasks of a mixed set
      ---
      duration_ms: 128.109052
      type: 'test'
      ...
    # Subtest: does not exempt a dispatched task somebody ELSE claims
    ok 4 - does not exempt a dispatched task somebody ELSE claims
      ---
      duration_ms: 76.37268
      type: 'test'
      ...
    # Subtest: does not exempt an anonymous session — it cannot prove the claim
    ok 5 - does not exempt an anonymous session — it cannot prove the claim
      ---
      duration_ms: 128.631811
      type: 'test'
      ...
    # Subtest: still never blocks twice in a row on the same set
    ok 6 - still never blocks twice in a row on the same set
      ---
      duration_ms: 46.872763
      type: 'test'
      ...
    1..6
ok 141 - gateStop with dispatched work
  ---
  duration_ms: 584.168664
  type: 'suite'
  ...
# Subtest: captures exact observed pane, refuses inherited or mismatched identity
ok 142 - captures exact observed pane, refuses inherited or mismatched identity
  ---
  duration_ms: 1.531732
  type: 'test'
  ...
# Subtest: active task projection joins state and valid claims; natural order and separate incarnations
ok 143 - active task projection joins state and valid claims; natural order and separate incarnations
  ---
  duration_ms: 12.668442
  type: 'test'
  ...
# Subtest: holder claim and heartbeat publish exact binding through the API and lifecycle removes it
ok 144 - holder claim and heartbeat publish exact binding through the API and lifecycle removes it
  ---
  duration_ms: 216.572622
  type: 'test'
  ...
# Subtest: goal public contracts
    # Subtest: opens over CLI, reloads over MCP/CLI, and returns structured completion refusal
    ok 1 - opens over CLI, reloads over MCP/CLI, and returns structured completion refusal
      ---
      duration_ms: 576.588906
      type: 'test'
      ...
    # Subtest: advertises all six tools and preserves the bounded planner read-only boundary
    ok 2 - advertises all six tools and preserves the bounded planner read-only boundary
      ---
      duration_ms: 85.068565
      type: 'test'
      ...
    # Subtest: preserves legacy goal import and positional criteria for unadmitted tasks
    ok 3 - preserves legacy goal import and positional criteria for unadmitted tasks
      ---
      duration_ms: 441.909753
      type: 'test'
      ...
    1..3
ok 145 - goal public contracts
  ---
  duration_ms: 1108.504225
  type: 'suite'
  ...
# Subtest: goal feedback scope and proof
    # Subtest: persists immutable original scope and stable criteria across reloads
    ok 1 - persists immutable original scope and stable criteria across reloads
      ---
      duration_ms: 184.596167
      type: 'test'
      ...
    # Subtest: completes only with current independent deployed evidence and survives reload
    ok 2 - completes only with current independent deployed evidence and survives reload
      ---
      duration_ms: 212.653424
      type: 'test'
      ...
    # Subtest: refuses self validation, boolean proof, stale scope, stale deployment and missing files
    ok 3 - refuses self validation, boolean proof, stale scope, stale deployment and missing files
      ---
      duration_ms: 76.065084
      type: 'test'
      ...
    # Subtest: refuses changed evidence or a different artifact after assessment
    ok 4 - refuses changed evidence or a different artifact after assessment
      ---
      duration_ms: 85.873088
      type: 'test'
      ...
    # Subtest: cannot omit unfinished or deleted child tasks from the completion scope
    ok 5 - cannot omit unfinished or deleted child tasks from the completion scope
      ---
      duration_ms: 250.979904
      type: 'test'
      ...
    # Subtest: keeps blocking findings until a fresh assessment resolves them with completed corrective tasks
    ok 6 - keeps blocking findings until a fresh assessment resolves them with completed corrective tasks
      ---
      duration_ms: 281.16894
      type: 'test'
      ...
    # Subtest: requires a scope-change receipt, preserves originals, and invalidates old proof
    ok 7 - requires a scope-change receipt, preserves originals, and invalidates old proof
      ---
      duration_ms: 153.194994
      type: 'test'
      ...
    # Subtest: deduplicates replayed writes and refuses changed use of an idempotency key
    ok 8 - deduplicates replayed writes and refuses changed use of an idempotency key
      ---
      duration_ms: 96.844508
      type: 'test'
      ...
    # Subtest: detects missing/corrupted captured evidence and does not trust a completion replay
    ok 9 - detects missing/corrupted captured evidence and does not trust a completion replay
      ---
      duration_ms: 218.664933
      type: 'test'
      ...
    # Subtest: bounds no-progress and cycles durably without treating new artifacts as progress
    ok 10 - bounds no-progress and cycles durably without treating new artifacts as progress
      ---
      duration_ms: 298.431933
      type: 'test'
      ...
    # Subtest: does not reset no-progress by alternating which criterion passes
    ok 11 - does not reset no-progress by alternating which criterion passes
      ---
      duration_ms: 216.88867
      type: 'test'
      ...
    # Subtest: leaves persisted per-phase deadlines to orchestration, not whole-goal admission time
    ok 12 - leaves persisted per-phase deadlines to orchestration, not whole-goal admission time
      ---
      duration_ms: 114.659143
      type: 'test'
      ...
    # Subtest: rejects evidence escaping the repo through a symlink
    ok 13 - rejects evidence escaping the repo through a symlink
      ---
      duration_ms: 150.603812
      type: 'test'
      ...
    1..13
ok 146 - goal feedback scope and proof
  ---
  duration_ms: 2343.134705
  type: 'suite'
  ...
# Subtest: importGoalDoc
    # Subtest: makes a task gated on the doc's criteria and keeps the validate command in the body
    ok 1 - makes a task gated on the doc's criteria and keeps the validate command in the body
      ---
      duration_ms: 70.743982
      type: 'test'
      ...
    # Subtest: refuses with a status the HTTP layer can pass through
    ok 2 - refuses with a status the HTTP layer can pass through
      ---
      duration_ms: 5.057476
      type: 'test'
      ...
    1..2
ok 147 - importGoalDoc
  ---
  duration_ms: 77.067569
  type: 'suite'
  ...
# Subtest: importManifest
    # Subtest: creates the epic, activates it, wires dependsOn after every task exists, and names skips
    ok 1 - creates the epic, activates it, wires dependsOn after every task exists, and names skips
      ---
      duration_ms: 204.969546
      type: 'test'
      ...
    # Subtest: plans the whole import without writing anything, so a preview costs no board state
    ok 2 - plans the whole import without writing anything, so a preview costs no board state
      ---
      duration_ms: 5.694807
      type: 'test'
      ...
    # Subtest: leaves no partial program behind when a write fails halfway
    ok 3 - leaves no partial program behind when a write fails halfway
      ---
      duration_ms: 549.650156
      type: 'test'
      ...
    # Subtest: refuses a goal doc outside the repository, including through a symlink
    ok 4 - refuses a goal doc outside the repository, including through a symlink
      ---
      duration_ms: 2.039571
      type: 'test'
      ...
    # Subtest: throws 400 on a missing or malformed manifest
    ok 5 - throws 400 on a missing or malformed manifest
      ---
      duration_ms: 1.580716
      type: 'test'
      ...
    1..5
ok 148 - importManifest
  ---
  duration_ms: 766.992465
  type: 'suite'
  ...
# Subtest: the three header forms, all of which exist in the wild
    # Subtest: reads the bolded inline form — 107 of 195 docs
    ok 1 - reads the bolded inline form — 107 of 195 docs
      ---
      duration_ms: 2.717988
      type: 'test'
      ...
    # Subtest: reads the heading form with the parenthetical — 49 docs
    ok 2 - reads the heading form with the parenthetical — 49 docs
      ---
      duration_ms: 0.367312
      type: 'test'
      ...
    # Subtest: reads the bare heading form — 16 docs
    ok 3 - reads the bare heading form — 16 docs
      ---
      duration_ms: 0.665867
      type: 'test'
      ...
    # Subtest: is case-insensitive about the header
    ok 4 - is case-insensitive about the header
      ---
      duration_ms: 1.389925
      type: 'test'
      ...
    1..4
ok 149 - the three header forms, all of which exist in the wild
  ---
  duration_ms: 14.566209
  type: 'suite'
  ...
# Subtest: both item forms
    # Subtest: reads numbered items — 46 of 195 docs, which a dash-only parser drops entirely
    ok 1 - reads numbered items — 46 of 195 docs, which a dash-only parser drops entirely
      ---
      duration_ms: 4.326687
      type: 'test'
      ...
    # Subtest: reads a mixed list — 7 docs
    ok 2 - reads a mixed list — 7 docs
      ---
      duration_ms: 0.510856
      type: 'test'
      ...
    # Subtest: accepts asterisk bullets and `1)` numbering
    ok 3 - accepts asterisk bullets and `1)` numbering
      ---
      duration_ms: 0.422917
      type: 'test'
      ...
    # Subtest: joins a wrapped criterion instead of splitting it in two
    ok 4 - joins a wrapped criterion instead of splitting it in two
      ---
      duration_ms: 1.83641
      type: 'test'
      ...
    # Subtest: stops at the next section rather than swallowing the rest of the doc
    ok 5 - stops at the next section rather than swallowing the rest of the doc
      ---
      duration_ms: 0.437928
      type: 'test'
      ...
    # Subtest: stops at the next bolded label too
    ok 6 - stops at the next bolded label too
      ---
      duration_ms: 1.41201
      type: 'test'
      ...
    1..6
ok 150 - both item forms
  ---
  duration_ms: 9.671332
  type: 'suite'
  ...
# Subtest: the title and the Jira key
    # Subtest: takes the title from the \# Goal: heading and lifts the Jira key out of it
    ok 1 - takes the title from the \# Goal: heading and lifts the Jira key out of it
      ---
      duration_ms: 0.243855
      type: 'test'
      ...
    # Subtest: copes with a heading that has no Jira key
    ok 2 - copes with a heading that has no Jira key
      ---
      duration_ms: 0.141265
      type: 'test'
      ...
    # Subtest: copes with a plain \# heading that does not say Goal:
    ok 3 - copes with a plain \# heading that does not say Goal:
      ---
      duration_ms: 2.591931
      type: 'test'
      ...
    1..3
ok 151 - the title and the Jira key
  ---
  duration_ms: 3.161279
  type: 'suite'
  ...
# Subtest: the /goal composer contract, which is a different shape entirely
    # Subtest: is recognised as a contract rather than a doc
    ok 1 - is recognised as a contract rather than a doc
      ---
      duration_ms: 0.699745
      type: 'test'
      ...
    # Subtest: takes its title from Objective, since it has no heading
    ok 2 - takes its title from Objective, since it has no heading
      ---
      duration_ms: 0.378764
      type: 'test'
      ...
    # Subtest: turns `Stop when` into the acceptance criterion, because that IS the verifiable condition
    ok 3 - turns `Stop when` into the acceptance criterion, because that IS the verifiable condition
      ---
      duration_ms: 1.952287
      type: 'test'
      ...
    # Subtest: keeps the validate command, which is what evidence gets attached from
    ok 4 - keeps the validate command, which is what evidence gets attached from
      ---
      duration_ms: 0.106721
      type: 'test'
      ...
    # Subtest: prefers a real criteria list over Stop when, when a doc has both
    ok 5 - prefers a real criteria list over Stop when, when a doc has both
      ---
      duration_ms: 0.084027
      type: 'test'
      ...
    1..5
ok 152 - the /goal composer contract, which is a different shape entirely
  ---
  duration_ms: 3.458006
  type: 'suite'
  ...
# Subtest: what must be refused
    # Subtest: finds nothing in a doc with no criteria section — 23 of 195
    ok 1 - finds nothing in a doc with no criteria section — 23 of 195
      ---
      duration_ms: 0.13875
      type: 'test'
      ...
    # Subtest: finds nothing when the header has no items under it — 1 of 195
    ok 2 - finds nothing when the header has no items under it — 1 of 195
      ---
      duration_ms: 0.06357
      type: 'test'
      ...
    # Subtest: drops an item too short to be a criterion
    ok 3 - drops an item too short to be a criterion
      ---
      duration_ms: 0.057196
      type: 'test'
      ...
    # Subtest: names every header it looked for, so a user can fix the doc
    ok 4 - names every header it looked for, so a user can fix the doc
      ---
      duration_ms: 0.709935
      type: 'test'
      ...
    1..4
ok 153 - what must be refused
  ---
  duration_ms: 1.154352
  type: 'suite'
  ...
# Subtest: normalising a criterion
    # Subtest: strips bold and backticks so it reads as a sentence
    ok 1 - strips bold and backticks so it reads as a sentence
      ---
      duration_ms: 0.191757
      type: 'test'
      ...
    # Subtest: collapses whitespace
    ok 2 - collapses whitespace
      ---
      duration_ms: 0.114987
      type: 'test'
      ...
    1..2
ok 154 - normalising a criterion
  ---
  duration_ms: 0.398968
  type: 'suite'
  ...
# Subtest: the body it stores
    # Subtest: carries what a fresh session needs, and the provenance
    ok 1 - carries what a fresh session needs, and the provenance
      ---
      duration_ms: 0.253378
      type: 'test'
      ...
    # Subtest: omits sections a doc does not have, rather than printing empty labels
    ok 2 - omits sections a doc does not have, rather than printing empty labels
      ---
      duration_ms: 0.20605
      type: 'test'
      ...
    # Subtest: survives an empty document without throwing
    ok 3 - survives an empty document without throwing
      ---
      duration_ms: 0.187461
      type: 'test'
      ...
    1..3
ok 155 - the body it stores
  ---
  duration_ms: 1.775021
  type: 'suite'
  ...
# Subtest: manifests
    # Subtest: reads the epic, the gate and the goals
    ok 1 - reads the epic, the gate and the goals
      ---
      duration_ms: 0.403425
      type: 'test'
      ...
    # Subtest: carries the four fields every one of 506 real goals has
    ok 2 - carries the four fields every one of 506 real goals has
      ---
      duration_ms: 0.184095
      type: 'test'
      ...
    # Subtest: defaults the absent ones rather than throwing
    ok 3 - defaults the absent ones rather than throwing
      ---
      duration_ms: 0.128987
      type: 'test'
      ...
    # Subtest: drops a goal with no id or no doc, since neither can be recovered
    ok 4 - drops a goal with no id or no doc, since neither can be recovered
      ---
      duration_ms: 0.115677
      type: 'test'
      ...
    # Subtest: refuses a file that is not a manifest, by name
    ok 5 - refuses a file that is not a manifest, by name
      ---
      duration_ms: 0.121809
      type: 'test'
      ...
    # Subtest: falls back to plan for the epic title when epic.title is absent
    ok 6 - falls back to plan for the epic title when epic.title is absent
      ---
      duration_ms: 0.099797
      type: 'test'
      ...
    1..6
ok 156 - manifests
  ---
  duration_ms: 1.241559
  type: 'suite'
  ...
# Subtest: manifestGoalTitle
    # Subtest: prefers the manifest's own title — it is what the program was planned with
    ok 1 - prefers the manifest's own title — it is what the program was planned with
      ---
      duration_ms: 0.230822
      type: 'test'
      ...
    # Subtest: falls back to the doc heading, then the id
    ok 2 - falls back to the doc heading, then the id
      ---
      duration_ms: 0.219086
      type: 'test'
      ...
    # Subtest: strips a leading Jira key, which the store keeps as a field instead
    ok 3 - strips a leading Jira key, which the store keeps as a field instead
      ---
      duration_ms: 0.093648
      type: 'test'
      ...
    1..3
ok 157 - manifestGoalTitle
  ---
  duration_ms: 0.681015
  type: 'suite'
  ...
# Subtest: the three defects that shipped in the first version
    # Subtest: reads a heading that qualifies the phrase instead of leading with it
    ok 1 - reads a heading that qualifies the phrase instead of leading with it
      ---
      duration_ms: 1.730508
      type: 'test'
      ...
    # Subtest: does not let a fence inside a criterion end the list
    ok 2 - does not let a fence inside a criterion end the list
      ---
      duration_ms: 0.300517
      type: 'test'
      ...
    # Subtest: still stops at a real section boundary, so the fence fix did not disable SECTION_END
    ok 3 - still stops at a real section boundary, so the fence fix did not disable SECTION_END
      ---
      duration_ms: 0.137831
      type: 'test'
      ...
    # Subtest: folds a nested sub-bullet into its parent instead of promoting it to a peer
    ok 4 - folds a nested sub-bullet into its parent instead of promoting it to a peer
      ---
      duration_ms: 0.198959
      type: 'test'
      ...
    # Subtest: treats tabs as indentation too
    ok 5 - treats tabs as indentation too
      ---
      duration_ms: 0.1201
      type: 'test'
      ...
    1..5
ok 158 - the three defects that shipped in the first version
  ---
  duration_ms: 10.556959
  type: 'suite'
  ...
# Subtest: the real corpus
    # Subtest: parses the overwhelming majority, and refuses only non-goals
    ok 1 - parses the overwhelming majority, and refuses only non-goals
      ---
      duration_ms: 198.069438
      type: 'test'
      ...
    # Subtest: finds a plausible number of criteria per doc
    ok 2 - finds a plausible number of criteria per doc
      ---
      duration_ms: 84.241966
      type: 'test'
      ...
    1..2
ok 159 - the real corpus
  ---
  duration_ms: 282.50731
  type: 'suite'
  ...
# Subtest: governed completion is shared by every task write surface
    # Subtest: holds CLI, MCP, dashboard and direct writes despite AC ticks and disabled ordinary gates
    ok 1 - holds CLI, MCP, dashboard and direct writes despite AC ticks and disabled ordinary gates
      ---
      duration_ms: 707.60975
      type: 'test'
      ...
    # Subtest: requires separate review and integration records and rejects stale or self review
    ok 2 - requires separate review and integration records and rejects stale or self review
      ---
      duration_ms: 835.757424
      type: 'test'
      ...
    # Subtest: accepts approval with only minor, nit or note findings and refuses blocking or malformed ones (TM-221)
    ok 3 - accepts approval with only minor, nit or note findings and refuses blocking or malformed ones (TM-221)
      ---
      duration_ms: 986.417668
      type: 'test'
      ...
    # Subtest: review severities match agent-orchestration's reviewer (conformance)
    ok 4 - review severities match agent-orchestration's reviewer (conformance)
      ---
      duration_ms: 2.841205
      type: 'test'
      ...
    # Subtest: retains exact review evidence after owned worktree cleanup
    ok 5 - retains exact review evidence after owned worktree cleanup
      ---
      duration_ms: 650.679295
      type: 'test'
      ...
    # Subtest: worker reports stop at ready-for-review and preserve the claim on exit
    ok 6 - worker reports stop at ready-for-review and preserve the claim on exit
      ---
      duration_ms: 363.823436
      type: 'test'
      ...
    # Subtest: cannot announce readiness before the producer accepts the exact finish protocol
    ok 7 - cannot announce readiness before the producer accepts the exact finish protocol
      ---
      duration_ms: 315.226169
      type: 'test'
      ...
    # Subtest: accepts the structured check runs the worker handoff asks for (TM-492)
    ok 8 - accepts the structured check runs the worker handoff asks for (TM-492)
      ---
      duration_ms: 270.040007
      type: 'test'
      ...
    # Subtest: accepts a failing exit_code and an argv command; review judges failures (TM-492)
    ok 9 - accepts a failing exit_code and an argv command; review judges failures (TM-492)
      ---
      duration_ms: 311.971644
      type: 'test'
      ...
    # Subtest: still accepts legacy prose check strings (TM-492)
    ok 10 - still accepts legacy prose check strings (TM-492)
      ---
      duration_ms: 236.505167
      type: 'test'
      ...
    # Subtest: refuses a malformed check run and names the field (TM-492)
    ok 11 - refuses a malformed check run and names the field (TM-492)
      ---
      duration_ms: 1723.352429
      type: 'test'
      ...
    # Subtest: session-end preserves a submitted governed task and its ownership
    ok 12 - session-end preserves a submitted governed task and its ownership
      ---
      duration_ms: 271.716337
      type: 'test'
      ...
    # Subtest: holds missing governed admission locally and automatically dispatches valid admitted tasks
    ok 13 - holds missing governed admission locally and automatically dispatches valid admitted tasks
      ---
      duration_ms: 341.185174
      type: 'test'
      ...
    # Subtest: returns a submitted task to working only after the producer records a rework of that revision (TM-347)
    ok 14 - returns a submitted task to working only after the producer records a rework of that revision (TM-347)
      ---
      duration_ms: 819.089683
      type: 'test'
      ...
    # Subtest: a standing reviewer gates dispatch when dispatch.governed is unset (TM-240)
    ok 15 - a standing reviewer gates dispatch when dispatch.governed is unset (TM-240)
      ---
      duration_ms: 713.103739
      type: 'test'
      ...
    # Subtest: an explicit dispatch.governed false dispatches, warns, records the opt-out, and doctor reports it (TM-240)
    ok 16 - an explicit dispatch.governed false dispatches, warns, records the opt-out, and doctor reports it (TM-240)
      ---
      duration_ms: 492.366007
      type: 'test'
      ...
    # Subtest: dispatches from a task-management copy with agent-orchestration absent (TM-240 plugin independence)
    ok 17 - dispatches from a task-management copy with agent-orchestration absent (TM-240 plugin independence)
      ---
      duration_ms: 789.365776
      type: 'test'
      ...
    1..17
ok 160 - governed completion is shared by every task write surface
  ---
  duration_ms: 9834.254004
  type: 'suite'
  ...
# Subtest: tm doctor lists finished work with no review for its current revision (TM-244)
    # Subtest: lists an ungoverned done task with a PR: no admission record
    ok 1 - lists an ungoverned done task with a PR: no admission record
      ---
      duration_ms: 207.257462
      type: 'test'
      ...
    # Subtest: lists a governed task whose review request was refused: review_blocked, with the refusal text
    ok 2 - lists a governed task whose review request was refused: review_blocked, with the refusal text
      ---
      duration_ms: 216.76179
      type: 'test'
      ...
    # Subtest: does not list a governed task with a completed review of its finish revision, nor an outstanding request
    ok 3 - does not list a governed task with a completed review of its finish revision, nor an outstanding request
      ---
      duration_ms: 280.014607
      type: 'test'
      ...
    # Subtest: reports finding none with its coverage, and works with agent-orchestration absent
    ok 4 - reports finding none with its coverage, and works with agent-orchestration absent
      ---
      duration_ms: 199.477465
      type: 'test'
      ...
    1..4
ok 161 - tm doctor lists finished work with no review for its current revision (TM-244)
  ---
  duration_ms: 903.756279
  type: 'suite'
  ...
# Subtest: TM-247 governed worker lifecycle (task-management)
    # Subtest: AC13: tm dispatch of an admitted task claims under the admission owner, not the dispatching session
    not ok 1 - AC13: tm dispatch of an admitted task claims under the admission owner, not the dispatching session
      ---
      duration_ms: 398.948023
      type: 'test'
      location: '/home/ryan/Documents/GitHub/ByteDeskAI/bytedesk-marketplace/.bytedesk/worktrees/TM-426-stop-worker-cannot-release-a-worker-that-exited-/task-management/tests/unit/governed-worker-lifecycle.test.mjs:56:3'
      failureType: 'testCodeFailure'
      error: 'a dispatched worker cannot grant or change governed task ownership'
      code: 'ERR_TEST_FAILURE'
      stack: |-
        governTask (file:///home/ryan/Documents/GitHub/ByteDeskAI/bytedesk-marketplace/.bytedesk/worktrees/TM-426-stop-worker-cannot-release-a-worker-that-exited-/task-management/lib/governance.mjs:6:45)
        admitted (file:///home/ryan/Documents/GitHub/ByteDeskAI/bytedesk-marketplace/.bytedesk/worktrees/TM-426-stop-worker-cannot-release-a-worker-that-exited-/task-management/tests/unit/governed-worker-lifecycle.test.mjs:51:3)
        TestContext.<anonymous> (file:///home/ryan/Documents/GitHub/ByteDeskAI/bytedesk-marketplace/.bytedesk/worktrees/TM-426-stop-worker-cannot-release-a-worker-that-exited-/task-management/tests/unit/governed-worker-lifecycle.test.mjs:57:23)
        Test.runInAsyncScope (node:async_hooks:214:14)
        Test.run (node:internal/test_runner/test:1047:25)
        Test.start (node:internal/test_runner/test:944:17)
        node:internal/test_runner/test:1440:71
        node:internal/per_context/primordials:466:82
        new Promise (<anonymous>)
        new SafePromise (node:internal/per_context/primordials:435:3)
      ...
    # Subtest: AC12: collecting a dead worker of a lead-held governed task records it and never parks or drops the claim
    not ok 2 - AC12: collecting a dead worker of a lead-held governed task records it and never parks or drops the claim
      ---
      duration_ms: 378.138217
      type: 'test'
      location: '/home/ryan/Documents/GitHub/ByteDeskAI/bytedesk-marketplace/.bytedesk/worktrees/TM-426-stop-worker-cannot-release-a-worker-that-exited-/task-management/tests/unit/governed-worker-lifecycle.test.mjs:64:3'
      failureType: 'testCodeFailure'
      error: 'a dispatched worker cannot grant or change governed task ownership'
      code: 'ERR_TEST_FAILURE'
      stack: |-
        governTask (file:///home/ryan/Documents/GitHub/ByteDeskAI/bytedesk-marketplace/.bytedesk/worktrees/TM-426-stop-worker-cannot-release-a-worker-that-exited-/task-management/lib/governance.mjs:6:45)
        admitted (file:///home/ryan/Documents/GitHub/ByteDeskAI/bytedesk-marketplace/.bytedesk/worktrees/TM-426-stop-worker-cannot-release-a-worker-that-exited-/task-management/tests/unit/governed-worker-lifecycle.test.mjs:51:3)
        TestContext.<anonymous> (file:///home/ryan/Documents/GitHub/ByteDeskAI/bytedesk-marketplace/.bytedesk/worktrees/TM-426-stop-worker-cannot-release-a-worker-that-exited-/task-management/tests/unit/governed-worker-lifecycle.test.mjs:65:23)
        Test.runInAsyncScope (node:async_hooks:214:14)
        Test.run (node:internal/test_runner/test:1047:25)
        Suite.processPendingSubtests (node:internal/test_runner/test:744:18)
        Test.postRun (node:internal/test_runner/test:1173:19)
        Test.run (node:internal/test_runner/test:1101:12)
        async Promise.all (index 0)
        async Suite.run (node:internal/test_runner/test:1442:7)
      ...
    # Subtest: TM-460: a crashed worker whose owner is absent is parked or retried, though the dispatch claimed under the owner
    not ok 3 - TM-460: a crashed worker whose owner is absent is parked or retried, though the dispatch claimed under the owner
      ---
      duration_ms: 269.776525
      type: 'test'
      location: '/home/ryan/Documents/GitHub/ByteDeskAI/bytedesk-marketplace/.bytedesk/worktrees/TM-426-stop-worker-cannot-release-a-worker-that-exited-/task-management/tests/unit/governed-worker-lifecycle.test.mjs:77:3'
      failureType: 'testCodeFailure'
      error: 'a dispatched worker cannot grant or change governed task ownership'
      code: 'ERR_TEST_FAILURE'
      stack: |-
        governTask (file:///home/ryan/Documents/GitHub/ByteDeskAI/bytedesk-marketplace/.bytedesk/worktrees/TM-426-stop-worker-cannot-release-a-worker-that-exited-/task-management/lib/governance.mjs:6:45)
        admitted (file:///home/ryan/Documents/GitHub/ByteDeskAI/bytedesk-marketplace/.bytedesk/worktrees/TM-426-stop-worker-cannot-release-a-worker-that-exited-/task-management/tests/unit/governed-worker-lifecycle.test.mjs:51:3)
        TestContext.<anonymous> (file:///home/ryan/Documents/GitHub/ByteDeskAI/bytedesk-marketplace/.bytedesk/worktrees/TM-426-stop-worker-cannot-release-a-worker-that-exited-/task-management/tests/unit/governed-worker-lifecycle.test.mjs:78:23)
        Test.runInAsyncScope (node:async_hooks:214:14)
        Test.run (node:internal/test_runner/test:1047:25)
        Suite.processPendingSubtests (node:internal/test_runner/test:744:18)
        Test.postRun (node:internal/test_runner/test:1173:19)
        Test.run (node:internal/test_runner/test:1101:12)
        async Suite.processPendingSubtests (node:internal/test_runner/test:744:7)
      ...
    # Subtest: TM-460: a re-claim under the lead's session after dispatch is not proof (worker marker set)
    not ok 4 - TM-460: a re-claim under the lead's session after dispatch is not proof (worker marker set)
      ---
      duration_ms: 419.260449
      type: 'test'
      location: '/home/ryan/Documents/GitHub/ByteDeskAI/bytedesk-marketplace/.bytedesk/worktrees/TM-426-stop-worker-cannot-release-a-worker-that-exited-/task-management/tests/unit/governed-worker-lifecycle.test.mjs:89:5'
      failureType: 'testCodeFailure'
      error: 'a dispatched worker cannot grant or change governed task ownership'
      code: 'ERR_TEST_FAILURE'
      stack: |-
        governTask (file:///home/ryan/Documents/GitHub/ByteDeskAI/bytedesk-marketplace/.bytedesk/worktrees/TM-426-stop-worker-cannot-release-a-worker-that-exited-/task-management/lib/governance.mjs:6:45)
        admitted (file:///home/ryan/Documents/GitHub/ByteDeskAI/bytedesk-marketplace/.bytedesk/worktrees/TM-426-stop-worker-cannot-release-a-worker-that-exited-/task-management/tests/unit/governed-worker-lifecycle.test.mjs:51:3)
        TestContext.<anonymous> (file:///home/ryan/Documents/GitHub/ByteDeskAI/bytedesk-marketplace/.bytedesk/worktrees/TM-426-stop-worker-cannot-release-a-worker-that-exited-/task-management/tests/unit/governed-worker-lifecycle.test.mjs:90:25)
        Test.runInAsyncScope (node:async_hooks:214:14)
        Test.run (node:internal/test_runner/test:1047:25)
        Suite.processPendingSubtests (node:internal/test_runner/test:744:18)
        Test.postRun (node:internal/test_runner/test:1173:19)
        Test.run (node:internal/test_runner/test:1101:12)
        async Suite.processPendingSubtests (node:internal/test_runner/test:744:7)
      ...
    # Subtest: TM-460: a re-claim under the lead's session after dispatch is not proof (worker marker unset)
    not ok 5 - TM-460: a re-claim under the lead's session after dispatch is not proof (worker marker unset)
      ---
      duration_ms: 351.512512
      type: 'test'
      location: '/home/ryan/Documents/GitHub/ByteDeskAI/bytedesk-marketplace/.bytedesk/worktrees/TM-426-stop-worker-cannot-release-a-worker-that-exited-/task-management/tests/unit/governed-worker-lifecycle.test.mjs:89:5'
      failureType: 'testCodeFailure'
      error: 'a dispatched worker cannot grant or change governed task ownership'
      code: 'ERR_TEST_FAILURE'
      stack: |-
        governTask (file:///home/ryan/Documents/GitHub/ByteDeskAI/bytedesk-marketplace/.bytedesk/worktrees/TM-426-stop-worker-cannot-release-a-worker-that-exited-/task-management/lib/governance.mjs:6:45)
        admitted (file:///home/ryan/Documents/GitHub/ByteDeskAI/bytedesk-marketplace/.bytedesk/worktrees/TM-426-stop-worker-cannot-release-a-worker-that-exited-/task-management/tests/unit/governed-worker-lifecycle.test.mjs:51:3)
        TestContext.<anonymous> (file:///home/ryan/Documents/GitHub/ByteDeskAI/bytedesk-marketplace/.bytedesk/worktrees/TM-426-stop-worker-cannot-release-a-worker-that-exited-/task-management/tests/unit/governed-worker-lifecycle.test.mjs:90:25)
        Test.runInAsyncScope (node:async_hooks:214:14)
        Test.run (node:internal/test_runner/test:1047:25)
        Suite.processPendingSubtests (node:internal/test_runner/test:744:18)
        Test.postRun (node:internal/test_runner/test:1173:19)
        Test.run (node:internal/test_runner/test:1101:12)
        async Suite.processPendingSubtests (node:internal/test_runner/test:744:7)
      ...
    # Subtest: TM-460: a kept since keeps the worker flag of whoever took it
    not ok 6 - TM-460: a kept since keeps the worker flag of whoever took it
      ---
      duration_ms: 46.102309
      type: 'test'
      location: '/home/ryan/Documents/GitHub/ByteDeskAI/bytedesk-marketplace/.bytedesk/worktrees/TM-426-stop-worker-cannot-release-a-worker-that-exited-/task-management/tests/unit/governed-worker-lifecycle.test.mjs:108:3'
      failureType: 'testCodeFailure'
      error: |-
        since was taken by the lead, not a worker
        + actual - expected
        
        + true
        - undefined
        
      code: 'ERR_ASSERTION'
      name: 'AssertionError'
      actual: true
      operator: 'strictEqual'
      stack: |-
        TestContext.<anonymous> (file:///home/ryan/Documents/GitHub/ByteDeskAI/bytedesk-marketplace/.bytedesk/worktrees/TM-426-stop-worker-cannot-release-a-worker-that-exited-/task-management/tests/unit/governed-worker-lifecycle.test.mjs:119:14)
        Test.runInAsyncScope (node:async_hooks:214:14)
        Test.run (node:internal/test_runner/test:1047:25)
        Suite.processPendingSubtests (node:internal/test_runner/test:744:18)
        Test.postRun (node:internal/test_runner/test:1173:19)
        Test.run (node:internal/test_runner/test:1101:12)
        async Suite.processPendingSubtests (node:internal/test_runner/test:744:7)
      ...
    # Subtest: TM-460: the owner proven responsive by ao's cached lead status still holds the task
    ok 7 - TM-460: the owner proven responsive by ao's cached lead status still holds the task
      ---
      duration_ms: 1413.338353
      type: 'test'
      ...
    # Subtest: AC12 control: a governed task whose claim is NOT the owner's is still parked or retried as before
    ok 8 - AC12 control: a governed task whose claim is NOT the owner's is still parked or retried as before
      ---
      duration_ms: 525.709004
      type: 'test'
      ...
    # Subtest: a collected dispatch has no worker in flight: the guard frees it and a successor dispatch needs no --steal
    ok 9 - a collected dispatch has no worker in flight: the guard frees it and a successor dispatch needs no --steal
      ---
      duration_ms: 930.265746
      type: 'test'
      ...
    # Subtest: AC14: a worker that ran tm block and exited has its blocker collected as its result, once
    ok 10 - AC14: a worker that ran tm block and exited has its blocker collected as its result, once
      ---
      duration_ms: 433.439546
      type: 'test'
      ...
    1..10
not ok 162 - TM-247 governed worker lifecycle (task-management)
  ---
  duration_ms: 5169.557455
  type: 'suite'
  location: '/home/ryan/Documents/GitHub/ByteDeskAI/bytedesk-marketplace/.bytedesk/worktrees/TM-426-stop-worker-cannot-release-a-worker-that-exited-/task-management/tests/unit/governed-worker-lifecycle.test.mjs:55:1'
  failureType: 'subtestsFailed'
  error: '6 subtests failed'
  code: 'ERR_TEST_FAILURE'
  ...
# Subtest: why — the chain
    # Subtest: walks past the direct blocker to the task that can actually be started
    ok 1 - walks past the direct blocker to the task that can actually be started
      ---
      duration_ms: 298.683492
      type: 'test'
      ...
    # Subtest: drops a resolved blocker from the chain instead of reporting it
    ok 2 - drops a resolved blocker from the chain instead of reporting it
      ---
      duration_ms: 249.467423
      type: 'test'
      ...
    # Subtest: reports a startable task as startable, with no reasons
    ok 3 - reports a startable task as startable, with no reasons
      ---
      duration_ms: 56.666186
      type: 'test'
      ...
    # Subtest: carries the written reason at each hop — a parked blocker without one is useless
    ok 4 - carries the written reason at each hop — a parked blocker without one is useless
      ---
      duration_ms: 220.656539
      type: 'test'
      ...
    # Subtest: terminates on a cycle and names it rather than recursing forever
    ok 5 - terminates on a cycle and names it rather than recursing forever
      ---
      duration_ms: 130.000345
      type: 'test'
      ...
    # Subtest: calls a dangling dependency missing, not resolved
    ok 6 - calls a dangling dependency missing, not resolved
      ---
      duration_ms: 76.671611
      type: 'test'
      ...
    # Subtest: shares one blocker between two dependents without double-counting it
    ok 7 - shares one blocker between two dependents without double-counting it
      ---
      duration_ms: 251.764315
      type: 'test'
      ...
    1..7
ok 163 - why — the chain
  ---
  duration_ms: 1286.074014
  type: 'suite'
  ...
# Subtest: why — reasons that are not dependencies
    # Subtest: distinguishes a hand-written block from a dependency
    ok 1 - distinguishes a hand-written block from a dependency
      ---
      duration_ms: 57.645719
      type: 'test'
      ...
    # Subtest: names the session holding the claim
    ok 2 - names the session holding the claim
      ---
      duration_ms: 72.640377
      type: 'test'
      ...
    # Subtest: reports the WIP limit as blocking, since start would refuse
    ok 3 - reports the WIP limit as blocking, since start would refuse
      ---
      duration_ms: 183.293575
      type: 'test'
      ...
    # Subtest: treats parked as informational — `tm start` resumes a parked task
    ok 4 - treats parked as informational — `tm start` resumes a parked task
      ---
      duration_ms: 82.978762
      type: 'test'
      ...
    # Subtest: says a done task has nothing to start
    ok 5 - says a done task has nothing to start
      ---
      duration_ms: 71.106735
      type: 'test'
      ...
    # Subtest: returns null for an id that does not exist
    ok 6 - returns null for an id that does not exist
      ---
      duration_ms: 2.170424
      type: 'test'
      ...
    1..6
ok 164 - why — reasons that are not dependencies
  ---
  duration_ms: 470.994058
  type: 'suite'
  ...
# Subtest: graph
    # Subtest: emits Mermaid with an edge per dependency, pointing blocker → blocked
    ok 1 - emits Mermaid with an edge per dependency, pointing blocker → blocked
      ---
      duration_ms: 194.960223
      type: 'test'
      ...
    # Subtest: keeps hyphenated ids out of Mermaid node names
    ok 2 - keeps hyphenated ids out of Mermaid node names
      ---
      duration_ms: 40.114724
      type: 'test'
      ...
    # Subtest: hides done work by default and includes it with --all
    ok 3 - hides done work by default and includes it with --all
      ---
      duration_ms: 92.471015
      type: 'test'
      ...
    # Subtest: draws a blocker from outside the epic filter, because it still explains the block
    ok 4 - draws a blocker from outside the epic filter, because it still explains the block
      ---
      duration_ms: 120.882403
      type: 'test'
      ...
    # Subtest: escapes a quote in a title rather than emitting broken Mermaid
    ok 5 - escapes a quote in a title rather than emitting broken Mermaid
      ---
      duration_ms: 44.011711
      type: 'test'
      ...
    # Subtest: gives the same edges as data for --json
    ok 6 - gives the same edges as data for --json
      ---
      duration_ms: 187.605506
      type: 'test'
      ...
    1..6
ok 165 - graph
  ---
  duration_ms: 680.494987
  type: 'suite'
  ...
# Subtest: which harness is running
    # Subtest: recognises each CLI by the variable it actually sets
    ok 1 - recognises each CLI by the variable it actually sets
      ---
      duration_ms: 6.954184
      type: 'test'
      ...
    # Subtest: says nobody rather than assuming Claude Code
    ok 2 - says nobody rather than assuming Claude Code
      ---
      duration_ms: 0.276844
      type: 'test'
      ...
    # Subtest: carries no variable that does not exist
    ok 3 - carries no variable that does not exist
      ---
      duration_ms: 0.143326
      type: 'test'
      ...
    # Subtest: gives the session id from whichever harness is running
    ok 4 - gives the session id from whichever harness is running
      ---
      duration_ms: 0.246833
      type: 'test'
      ...
    1..4
ok 166 - which harness is running
  ---
  duration_ms: 8.702825
  type: 'suite'
  ...
# Subtest: finding each harness's transcript
    # Subtest: locates a Claude Code transcript, sanitising dots as well as slashes
    ok 1 - locates a Claude Code transcript, sanitising dots as well as slashes
      ---
      duration_ms: 5.182379
      type: 'test'
      ...
    # Subtest: locates a Codex rollout by the thread id at the tail of its filename
    ok 2 - locates a Codex rollout by the thread id at the tail of its filename
      ---
      duration_ms: 0.745972
      type: 'test'
      ...
    # Subtest: locates a Grok session under its percent-encoded cwd
    ok 3 - locates a Grok session under its percent-encoded cwd
      ---
      duration_ms: 5.930738
      type: 'test'
      ...
    # Subtest: returns null rather than guessing when the harness has written nothing
    ok 4 - returns null rather than guessing when the harness has written nothing
      ---
      duration_ms: 4.228835
      type: 'test'
      ...
    1..4
ok 167 - finding each harness's transcript
  ---
  duration_ms: 22.712478
  type: 'suite'
  ...
# Subtest: reading each format
    # Subtest: reads a Codex rollout message and tool call
    ok 1 - reads a Codex rollout message and tool call
      ---
      duration_ms: 0.879073
      type: 'test'
      ...
    # Subtest: reads a Grok chat entry with its tool calls
    ok 2 - reads a Grok chat entry with its tool calls
      ---
      duration_ms: 3.046933
      type: 'test'
      ...
    # Subtest: does not read one harness's transcript with another's parser
    ok 3 - does not read one harness's transcript with another's parser
      ---
      duration_ms: 0.30151
      type: 'test'
      ...
    1..3
ok 168 - reading each format
  ---
  duration_ms: 4.672141
  type: 'suite'
  ...
# Subtest: what the panel actually shows (TM-044)
    # Subtest: drops the harness's own preamble, which is not work
    ok 1 - drops the harness's own preamble, which is not work
      ---
      duration_ms: 0.281643
      type: 'test'
      ...
    # Subtest: shows a tool call's arguments whichever harness named the field
    ok 2 - shows a tool call's arguments whichever harness named the field
      ---
      duration_ms: 0.285698
      type: 'test'
      ...
    # Subtest: caps a single message so it cannot push the rest of the stream off screen
    ok 3 - caps a single message so it cannot push the rest of the stream off screen
      ---
      duration_ms: 0.37261
      type: 'test'
      ...
    # Subtest: falls back to raw lines when a format changes under us
    ok 4 - falls back to raw lines when a format changes under us
      ---
      duration_ms: 10.389515
      type: 'test'
      ...
    1..4
ok 169 - what the panel actually shows (TM-044)
  ---
  duration_ms: 11.569474
  type: 'suite'
  ...
# Subtest: the work stream says what it cannot do
    # Subtest: names the harness it read from
    ok 1 - names the harness it read from
      ---
      duration_ms: 1.841259
      type: 'test'
      ...
    # Subtest: explains itself when no agent CLI is running, instead of showing an empty panel
    ok 2 - explains itself when no agent CLI is running, instead of showing an empty panel
      ---
      duration_ms: 0.542923
      type: 'test'
      ...
    # Subtest: distinguishes 'no harness' from 'harness with nothing written yet'
    ok 3 - distinguishes 'no harness' from 'harness with nothing written yet'
      ---
      duration_ms: 1.344206
      type: 'test'
      ...
    1..3
ok 170 - the work stream says what it cannot do
  ---
  duration_ms: 3.986248
  type: 'suite'
  ...
# Subtest: strategy map selects Claude adapter for TaskCreate/TaskUpdate
ok 171 - strategy map selects Claude adapter for TaskCreate/TaskUpdate
  ---
  duration_ms: 2.266814
  type: 'test'
  ...
# Subtest: Claude TaskCreate intent preserves subject, body, native id
ok 172 - Claude TaskCreate intent preserves subject, body, native id
  ---
  duration_ms: 4.039717
  type: 'test'
  ...
# Subtest: Claude TaskUpdate maps completed → done
ok 173 - Claude TaskUpdate maps completed → done
  ---
  duration_ms: 0.292948
  type: 'test'
  ...
# Subtest: Grok todo_write produces update intents keyed grok-todo:<id>
ok 174 - Grok todo_write produces update intents keyed grok-todo:<id>
  ---
  duration_ms: 0.348056
  type: 'test'
  ...
# Subtest: apply Claude create+update mirrors test-hooks parity
ok 175 - apply Claude create+update mirrors test-hooks parity
  ---
  duration_ms: 230.470358
  type: 'test'
  ...
# Subtest: apply Grok todos creates then completes by native id
ok 176 - apply Grok todos creates then completes by native id
  ---
  duration_ms: 121.797279
  type: 'test'
  ...
# Subtest: preCreateGate denies TaskCreate and create-ish todo_write without epic
ok 177 - preCreateGate denies TaskCreate and create-ish todo_write without epic
  ---
  duration_ms: 3.440716
  type: 'test'
  ...
# Subtest: preCreateGate allows TaskCreate once an epic is active
ok 178 - preCreateGate allows TaskCreate once an epic is active
  ---
  duration_ms: 62.268607
  type: 'test'
  ...
# Subtest: Codex update_plan intents use stable step hashes
ok 179 - Codex update_plan intents use stable step hashes
  ---
  duration_ms: 4.747007
  type: 'test'
  ...
# Subtest: apply Codex plan creates then completes without duplicates
ok 180 - apply Codex plan creates then completes without duplicates
  ---
  duration_ms: 150.361827
  type: 'test'
  ...
# Subtest: preCreateGate denies create-ish update_plan without epic
ok 181 - preCreateGate denies create-ish update_plan without epic
  ---
  duration_ms: 2.859778
  type: 'test'
  ...
# Subtest: heartbeatClaim
    # Subtest: refreshes a backdated claim's ts, so the claim is no longer expired
    ok 1 - refreshes a backdated claim's ts, so the claim is no longer expired
      ---
      duration_ms: 75.083963
      type: 'test'
      ...
    # Subtest: refuses a stranger's heartbeat and leaves the claim untouched
    ok 2 - refuses a stranger's heartbeat and leaves the claim untouched
      ---
      duration_ms: 81.471739
      type: 'test'
      ...
    # Subtest: returns null for a task with no claim, and creates nothing
    ok 3 - returns null for a task with no claim, and creates nothing
      ---
      duration_ms: 48.465827
      type: 'test'
      ...
    # Subtest: treats a null-session claim as unowned: refreshable by anyone, adopted by nobody
    ok 4 - treats a null-session claim as unowned: refreshable by anyone, adopted by nobody
      ---
      duration_ms: 53.393955
      type: 'test'
      ...
    # Subtest: logs nothing — a heartbeat is a pulse, not an event
    ok 5 - logs nothing — a heartbeat is a pulse, not an event
      ---
      duration_ms: 97.175839
      type: 'test'
      ...
    1..5
ok 182 - heartbeatClaim
  ---
  duration_ms: 357.682888
  type: 'suite'
  ...
# Subtest: heartbeatOnce — the supervisor-driven pulse
    # Subtest: refreshes the holder's claim and never throws on a missing one
    ok 1 - refreshes the holder's claim and never throws on a missing one
      ---
      duration_ms: 57.019906
      type: 'test'
      ...
    1..1
ok 183 - heartbeatOnce — the supervisor-driven pulse
  ---
  duration_ms: 57.296158
  type: 'suite'
  ...
# Subtest: expired — unchanged semantics
    # Subtest: claimTtlMinutes: 0 still disables expiry entirely
    ok 1 - claimTtlMinutes: 0 still disables expiry entirely
      ---
      duration_ms: 46.285251
      type: 'test'
      ...
    1..1
ok 184 - expired — unchanged semantics
  ---
  duration_ms: 46.679386
  type: 'suite'
  ...
# Subtest: reapDeadWorkers
    # Subtest: parks a dead worker's task, releases its claim, and logs one worker_reaped
    ok 1 - parks a dead worker's task, releases its claim, and logs one worker_reaped
      ---
      duration_ms: 94.170836
      type: 'test'
      ...
    # Subtest: leaves an alive worker's task and claim alone
    ok 2 - leaves an alive worker's task and claim alone
      ---
      duration_ms: 78.538838
      type: 'test'
      ...
    # Subtest: is idempotent: a second pass parks nothing and logs nothing new
    ok 3 - is idempotent: a second pass parks nothing and logs nothing new
      ---
      duration_ms: 94.510585
      type: 'test'
      ...
    # Subtest: leaves null-session claims alone — they belong to no agent
    ok 4 - leaves null-session claims alone — they belong to no agent
      ---
      duration_ms: 145.385949
      type: 'test'
      ...
    1..4
ok 185 - reapDeadWorkers
  ---
  duration_ms: 413.191435
  type: 'suite'
  ...
# Subtest: a bare machine
    # Subtest: reports only manual, with reasons, and never throws
    ok 1 - reports only manual, with reasons, and never throws
      ---
      duration_ms: 2.922482
      type: 'test'
      ...
    1..1
ok 186 - a bare machine
  ---
  duration_ms: 4.14802
  type: 'suite'
  ...
# Subtest: a full machine
    # Subtest: reports every backend, cli and sandbox dep available
    ok 1 - reports every backend, cli and sandbox dep available
      ---
      duration_ms: 1.032909
      type: 'test'
      ...
    1..1
ok 187 - a full machine
  ---
  duration_ms: 1.20342
  type: 'suite'
  ...
# Subtest: single missing dependencies
    # Subtest: no tmux takes the topology backend down with it, but not orchestration
    ok 1 - no tmux takes the topology backend down with it, but not orchestration
      ---
      duration_ms: 1.096278
      type: 'test'
      ...
    # Subtest: no ao-topology binary fails topology even with tmux present
    ok 2 - no ao-topology binary fails topology even with tmux present
      ---
      duration_ms: 3.698628
      type: 'test'
      ...
    # Subtest: the two agent-orchestration binaries are probed independently
    ok 3 - the two agent-orchestration binaries are probed independently
      ---
      duration_ms: 0.657614
      type: 'test'
      ...
    # Subtest: no orchestration binary anywhere fails orchestration
    ok 4 - no orchestration binary anywhere fails orchestration
      ---
      duration_ms: 0.793835
      type: 'test'
      ...
    # Subtest: missing sandbox deps degrade orchestration but never block it
    ok 5 - missing sandbox deps degrade orchestration but never block it
      ---
      duration_ms: 0.714738
      type: 'test'
      ...
    1..5
ok 188 - single missing dependencies
  ---
  duration_ms: 7.47577
  type: 'suite'
  ...
# Subtest: orchestration binary resolution
    # Subtest: honours AGENT_ORCHESTRATION_MCP even with no sibling plugin
    ok 1 - honours AGENT_ORCHESTRATION_MCP even with no sibling plugin
      ---
      duration_ms: 0.678252
      type: 'test'
      ...
    # Subtest: an override pointing at nothing falls through and is named in the reason
    ok 2 - an override pointing at nothing falls through and is named in the reason
      ---
      duration_ms: 0.826474
      type: 'test'
      ...
    # Subtest: finds the binary in the Claude plugin cache when there is no sibling
    ok 3 - finds the binary in the Claude plugin cache when there is no sibling
      ---
      duration_ms: 1.124198
      type: 'test'
      ...
    1..3
ok 189 - orchestration binary resolution
  ---
  duration_ms: 2.947359
  type: 'suite'
  ...
# Subtest: per-process cache
    # Subtest: memoizes the no-args call and only that call
    ok 1 - memoizes the no-args call and only that call
      ---
      duration_ms: 32.541059
      type: 'test'
      ...
    1..1
ok 190 - per-process cache
  ---
  duration_ms: 32.767838
  type: 'suite'
  ...
# Subtest: the vocabulary
    # Subtest: does not include subtask, because parent expresses that
    ok 1 - does not include subtask, because parent expresses that
      ---
      duration_ms: 3.604398
      type: 'test'
      ...
    # Subtest: refuses a value outside it — free text is what made exporters invent one
    ok 2 - refuses a value outside it — free text is what made exporters invent one
      ---
      duration_ms: 125.084656
      type: 'test'
      ...
    # Subtest: is case-insensitive about a value that is in it
    ok 3 - is case-insensitive about a value that is in it
      ---
      duration_ms: 79.059911
      type: 'test'
      ...
    # Subtest: clears with an empty value
    ok 4 - clears with an empty value
      ---
      duration_ms: 95.787969
      type: 'test'
      ...
    # Subtest: logs an event
    ok 5 - logs an event
      ---
      duration_ms: 74.130893
      type: 'test'
      ...
    1..5
ok 191 - the vocabulary
  ---
  duration_ms: 379.202362
  type: 'suite'
  ...
# Subtest: typeOf — how a task's type is decided
    # Subtest: takes the stored field when someone said so
    ok 1 - takes the stored field when someone said so
      ---
      duration_ms: 0.226736
      type: 'test'
      ...
    # Subtest: falls back to a recognised label, so existing stores keep their meaning
    ok 2 - falls back to a recognised label, so existing stores keep their meaning
      ---
      duration_ms: 0.165531
      type: 'test'
      ...
    # Subtest: prefers the field over a contradicting label
    ok 3 - prefers the field over a contradicting label
      ---
      duration_ms: 0.228119
      type: 'test'
      ...
    # Subtest: ignores a label that is not a type
    ok 4 - ignores a label that is not a type
      ---
      duration_ms: 0.303366
      type: 'test'
      ...
    # Subtest: defaults to task
    ok 5 - defaults to task
      ---
      duration_ms: 0.240068
      type: 'test'
      ...
    # Subtest: never consults parent — where a task sits is not what it is
    ok 6 - never consults parent — where a task sits is not what it is
      ---
      duration_ms: 0.083534
      type: 'test'
      ...
    # Subtest: ignores a stored value outside the vocabulary rather than reporting it
    ok 7 - ignores a stored value outside the vocabulary rather than reporting it
      ---
      duration_ms: 0.052601
      type: 'test'
      ...
    1..7
ok 192 - typeOf — how a task's type is decided
  ---
  duration_ms: 1.65842
  type: 'suite'
  ...
# Subtest: the CSV column that was wrong
    # Subtest: reports a bug as a Bug
    ok 1 - reports a bug as a Bug
      ---
      duration_ms: 117.912019
      type: 'test'
      ...
    # Subtest: reports a bug that is also a subtask as Sub-task, and keeps parent
    ok 2 - reports a bug that is also a subtask as Sub-task, and keeps parent
      ---
      duration_ms: 109.197089
      type: 'test'
      ...
    # Subtest: still reports a plain task as Task
    ok 3 - still reports a plain task as Task
      ---
      duration_ms: 42.114063
      type: 'test'
      ...
    # Subtest: reports a template-created task correctly with no type field at all
    ok 4 - reports a template-created task correctly with no type field at all
      ---
      duration_ms: 39.186671
      type: 'test'
      ...
    1..4
ok 193 - the CSV column that was wrong
  ---
  duration_ms: 308.734118
  type: 'suite'
  ...
# Subtest: the templates
    # Subtest: set the field now, and keep the label as a filter
    ok 1 - set the field now, and keep the label as a filter
      ---
      duration_ms: 7.400216
      type: 'test'
      ...
    # Subtest: gives every shipped template a type in the vocabulary
    ok 2 - gives every shipped template a type in the vocabulary
      ---
      duration_ms: 2.484591
      type: 'test'
      ...
    1..2
ok 194 - the templates
  ---
  duration_ms: 10.087215
  type: 'suite'
  ...
# Subtest: assignee
    # Subtest: assigns and reassigns, logging both
    ok 1 - assigns and reassigns, logging both
      ---
      duration_ms: 144.305765
      type: 'test'
      ...
    # Subtest: unassigns with an empty value
    ok 2 - unassigns with an empty value
      ---
      duration_ms: 142.472417
      type: 'test'
      ...
    1..2
ok 195 - assignee
  ---
  duration_ms: 288.174079
  type: 'suite'
  ...
# Subtest: labels
    # Subtest: adds, dedupes and removes
    ok 1 - adds, dedupes and removes
      ---
      duration_ms: 97.176665
      type: 'test'
      ...
    # Subtest: exclusive triage roles replace each other
    ok 2 - exclusive triage roles replace each other
      ---
      duration_ms: 91.693728
      type: 'test'
      ...
    # Subtest: exclusive decision roles replace each other
    ok 3 - exclusive decision roles replace each other
      ---
      duration_ms: 93.924184
      type: 'test'
      ...
    # Subtest: refuses unknown decision:* unless force
    ok 4 - refuses unknown decision:* unless force
      ---
      duration_ms: 69.824419
      type: 'test'
      ...
    # Subtest: decision:map is epic-only
    ok 5 - decision:map is epic-only
      ---
      duration_ms: 114.00879
      type: 'test'
      ...
    1..5
ok 196 - labels
  ---
  duration_ms: 467.320617
  type: 'suite'
  ...
# Subtest: priority and estimate
    # Subtest: accepts the Jira ladder and rejects nonsense
    ok 1 - accepts the Jira ladder and rejects nonsense
      ---
      duration_ms: 71.960016
      type: 'test'
      ...
    # Subtest: stores estimates as points
    ok 2 - stores estimates as points
      ---
      duration_ms: 82.083418
      type: 'test'
      ...
    1..2
ok 197 - priority and estimate
  ---
  duration_ms: 154.421942
  type: 'suite'
  ...
# Subtest: comments
    # Subtest: appends with author and timestamp, oldest first
    ok 1 - appends with author and timestamp, oldest first
      ---
      duration_ms: 151.486777
      type: 'test'
      ...
    # Subtest: refuses an empty comment
    ok 2 - refuses an empty comment
      ---
      duration_ms: 73.197976
      type: 'test'
      ...
    1..2
ok 198 - comments
  ---
  duration_ms: 224.936281
  type: 'suite'
  ...
# Subtest: links
    # Subtest: records a typed link on both ends
    ok 1 - records a typed link on both ends
      ---
      duration_ms: 177.202741
      type: 'test'
      ...
    # Subtest: refuses to link a task to itself
    ok 2 - refuses to link a task to itself
      ---
      duration_ms: 43.580833
      type: 'test'
      ...
    # Subtest: two-sided add then remove leaves both ends clean (BDM-74 / TM-008)
    ok 3 - two-sided add then remove leaves both ends clean (BDM-74 / TM-008)
      ---
      duration_ms: 206.415756
      type: 'test'
      ...
    # Subtest: removing a foreign ref is one-sided
    ok 4 - removing a foreign ref is one-sided
      ---
      duration_ms: 86.062649
      type: 'test'
      ...
    # Subtest: is idempotent when the edge is already gone
    ok 5 - is idempotent when the edge is already gone
      ---
      duration_ms: 145.05046
      type: 'test'
      ...
    1..5
ok 199 - links
  ---
  duration_ms: 658.731617
  type: 'suite'
  ...
# Subtest: subtasks
    # Subtest: nests a task under a parent and lists children
    ok 1 - nests a task under a parent and lists children
      ---
      duration_ms: 104.571309
      type: 'test'
      ...
    # Subtest: refuses a cycle
    ok 2 - refuses a cycle
      ---
      duration_ms: 120.96084
      type: 'test'
      ...
    1..2
ok 200 - subtasks
  ---
  duration_ms: 225.738309
  type: 'suite'
  ...
# Subtest: backlog rank
    # Subtest: orders unranked tasks by id and ranked ones by rank
    ok 1 - orders unranked tasks by id and ranked ones by rank
      ---
      duration_ms: 167.341833
      type: 'test'
      ...
    # Subtest: leaves done work out of the backlog
    ok 2 - leaves done work out of the backlog
      ---
      duration_ms: 105.87816
      type: 'test'
      ...
    1..2
ok 201 - backlog rank
  ---
  duration_ms: 273.444163
  type: 'suite'
  ...
# Subtest: backwards compatibility
    # Subtest: leaves a task with none of these fields untouched
    ok 1 - leaves a task with none of these fields untouched
      ---
      duration_ms: 47.315469
      type: 'test'
      ...
    1..1
ok 202 - backwards compatibility
  ---
  duration_ms: 47.463255
  type: 'suite'
  ...
# Subtest: resolve
    # Subtest: maps the movement keys and their arrow aliases to the same intent
    ok 1 - maps the movement keys and their arrow aliases to the same intent
      ---
      duration_ms: 1.387635
      type: 'test'
      ...
    # Subtest: turns a digit into the column at that position, so 1 is always the leftmost
    ok 2 - turns a digit into the column at that position, so 1 is always the leftmost
      ---
      duration_ms: 1.038461
      type: 'test'
      ...
    # Subtest: ignores a digit past the last column instead of moving to undefined
    ok 3 - ignores a digit past the last column instead of moving to undefined
      ---
      duration_ms: 0.270657
      type: 'test'
      ...
    # Subtest: stays silent while the caret is in a field — `c` must not file a task mid-title
    ok 4 - stays silent while the caret is in a field — `c` must not file a task mid-title
      ---
      duration_ms: 1.205897
      type: 'test'
      ...
    # Subtest: blurs on Escape from a field rather than clearing the board behind it
    ok 5 - blurs on Escape from a field rather than clearing the board behind it
      ---
      duration_ms: 0.226171
      type: 'test'
      ...
    # Subtest: hands the keyboard to an open dialog
    ok 6 - hands the keyboard to an open dialog
      ---
      duration_ms: 0.197487
      type: 'test'
      ...
    # Subtest: opens the palette from anywhere, including a field and a dialog
    ok 7 - opens the palette from anywhere, including a field and a dialog
      ---
      duration_ms: 0.368365
      type: 'test'
      ...
    # Subtest: leaves every other modifier chord to the browser
    ok 8 - leaves every other modifier chord to the browser
      ---
      duration_ms: 0.278239
      type: 'test'
      ...
    # Subtest: returns null for a key nobody bound
    ok 9 - returns null for a key nobody bound
      ---
      duration_ms: 0.298586
      type: 'test'
      ...
    1..9
ok 203 - resolve
  ---
  duration_ms: 7.149506
  type: 'suite'
  ...
# Subtest: move
    # Subtest: starts at the first column that has cards
    ok 1 - starts at the first column that has cards
      ---
      duration_ms: 0.572225
      type: 'test'
      ...
    # Subtest: returns null when the whole board is empty
    ok 2 - returns null when the whole board is empty
      ---
      duration_ms: 0.22432
      type: 'test'
      ...
    # Subtest: clamps at the ends instead of wrapping — wrapping reads as nothing happening
    ok 3 - clamps at the ends instead of wrapping — wrapping reads as nothing happening
      ---
      duration_ms: 0.176252
      type: 'test'
      ...
    # Subtest: skips empty columns horizontally rather than stranding the cursor in one
    ok 4 - skips empty columns horizontally rather than stranding the cursor in one
      ---
      duration_ms: 0.156334
      type: 'test'
      ...
    # Subtest: stays put at the far edge
    ok 5 - stays put at the far edge
      ---
      duration_ms: 0.127743
      type: 'test'
      ...
    # Subtest: keeps the row where it fits when crossing to a shorter column
    ok 6 - keeps the row where it fits when crossing to a shorter column
      ---
      duration_ms: 0.233835
      type: 'test'
      ...
    # Subtest: jumps to the ends of a column with g and G
    ok 7 - jumps to the ends of a column with g and G
      ---
      duration_ms: 0.132993
      type: 'test'
      ...
    # Subtest: survives a focus left pointing past a column that shrank
    ok 8 - survives a focus left pointing past a column that shrank
      ---
      duration_ms: 0.12392
      type: 'test'
      ...
    1..8
ok 204 - move
  ---
  duration_ms: 4.026266
  type: 'suite'
  ...
# Subtest: focusedId / locate
    # Subtest: reads the id under the cursor
    ok 1 - reads the id under the cursor
      ---
      duration_ms: 0.185038
      type: 'test'
      ...
    # Subtest: returns null rather than guessing when the cursor is nowhere
    ok 2 - returns null rather than guessing when the cursor is nowhere
      ---
      duration_ms: 0.107349
      type: 'test'
      ...
    # Subtest: finds a card that moved column, so focus follows the task not the slot
    ok 3 - finds a card that moved column, so focus follows the task not the slot
      ---
      duration_ms: 0.210793
      type: 'test'
      ...
    1..3
ok 205 - focusedId / locate
  ---
  duration_ms: 0.644665
  type: 'suite'
  ...
# Subtest: filterCommands
    # Subtest: returns everything for an empty query
    ok 1 - returns everything for an empty query
      ---
      duration_ms: 0.284875
      type: 'test'
      ...
    # Subtest: requires every token to appear, so two words narrow instead of widening
    ok 2 - requires every token to appear, so two words narrow instead of widening
      ---
      duration_ms: 0.408762
      type: 'test'
      ...
    # Subtest: matches on id as well as label
    ok 3 - matches on id as well as label
      ---
      duration_ms: 0.27377
      type: 'test'
      ...
    # Subtest: ranks an exact id first
    ok 4 - ranks an exact id first
      ---
      duration_ms: 0.126836
      type: 'test'
      ...
    # Subtest: ranks a label prefix above a mid-string hit
    ok 5 - ranks a label prefix above a mid-string hit
      ---
      duration_ms: 0.234387
      type: 'test'
      ...
    # Subtest: is case-insensitive
    ok 6 - is case-insensitive
      ---
      duration_ms: 0.109406
      type: 'test'
      ...
    # Subtest: matches the hint, so a status is searchable
    ok 7 - matches the hint, so a status is searchable
      ---
      duration_ms: 0.133337
      type: 'test'
      ...
    1..7
ok 206 - filterCommands
  ---
  duration_ms: 1.835916
  type: 'suite'
  ...
# Subtest: KEYMAP
    # Subtest: documents every action it binds — the help sheet renders from this array
    ok 1 - documents every action it binds — the help sheet renders from this array
      ---
      duration_ms: 0.246434
      type: 'test'
      ...
    # Subtest: binds no key twice, or the second binding is dead code
    ok 2 - binds no key twice, or the second binding is dead code
      ---
      duration_ms: 0.215818
      type: 'test'
      ...
    # Subtest: groups without losing a row
    ok 3 - groups without losing a row
      ---
      duration_ms: 0.200041
      type: 'test'
      ...
    # Subtest: has a column key for every column and no more
    ok 4 - has a column key for every column and no more
      ---
      duration_ms: 0.479187
      type: 'test'
      ...
    1..4
ok 207 - KEYMAP
  ---
  duration_ms: 1.399854
  type: 'suite'
  ...
# Subtest: isTypingTarget
    # Subtest: recognises the elements that own their own keystrokes
    ok 1 - recognises the elements that own their own keystrokes
      ---
      duration_ms: 0.194676
      type: 'test'
      ...
    # Subtest: leaves the board's own elements alone
    ok 2 - leaves the board's own elements alone
      ---
      duration_ms: 0.094169
      type: 'test'
      ...
    1..2
ok 208 - isTypingTarget
  ---
  duration_ms: 0.392886
  type: 'suite'
  ...
# Subtest: TodoList wire → intents
    # Subtest: strategy map selects the kimi adapter for TodoList only
    ok 1 - strategy map selects the kimi adapter for TodoList only
      ---
      duration_ms: 0.933238
      type: 'test'
      ...
    # Subtest: maps the captured fixture to hash-keyed update intents
    ok 2 - maps the captured fixture to hash-keyed update intents
      ---
      duration_ms: 1.216451
      type: 'test'
      ...
    # Subtest: gives the same title the same nativeId across calls
    ok 3 - gives the same title the same nativeId across calls
      ---
      duration_ms: 0.274362
      type: 'test'
      ...
    # Subtest: treats a query-mode call (no todos) as nothing
    ok 4 - treats a query-mode call (no todos) as nothing
      ---
      duration_ms: 0.935516
      type: 'test'
      ...
    1..4
ok 209 - TodoList wire → intents
  ---
  duration_ms: 4.442294
  type: 'suite'
  ...
# Subtest: mirroring into the store
    # Subtest: creates then completes by native id without duplicating
    ok 1 - creates then completes by native id without duplicating
      ---
      duration_ms: 331.681068
      type: 'test'
      ...
    # Subtest: preCreateGate denies an open todo list without an epic, allows bookkeeping
    ok 2 - preCreateGate denies an open todo list without an epic, allows bookkeeping
      ---
      duration_ms: 4.201187
      type: 'test'
      ...
    1..2
ok 210 - mirroring into the store
  ---
  duration_ms: 336.200932
  type: 'suite'
  ...
# Subtest: session resolution
    # Subtest: kimi carries no env var — none was observed on the real install
    ok 1 - kimi carries no env var — none was observed on the real install
      ---
      duration_ms: 0.396978
      type: 'test'
      ...
    # Subtest: keeps the existing SESSION_ENV chain exactly, TM_SESSION_ID first
    ok 2 - keeps the existing SESSION_ENV chain exactly, TM_SESSION_ID first
      ---
      duration_ms: 0.332665
      type: 'test'
      ...
    # Subtest: resolves a Kimi session through the TM_SESSION_ID override, set off the hook payload
    ok 3 - resolves a Kimi session through the TM_SESSION_ID override, set off the hook payload
      ---
      duration_ms: 0.402615
      type: 'test'
      ...
    1..3
ok 211 - session resolution
  ---
  duration_ms: 1.612427
  type: 'suite'
  ...
# Subtest: finding the Kimi transcript
    # Subtest: locates a session's main wire by id, across workspace dirs
    ok 1 - locates a session's main wire by id, across workspace dirs
      ---
      duration_ms: 0.824129
      type: 'test'
      ...
    # Subtest: falls back to the project's newest session when no id is given
    ok 2 - falls back to the project's newest session when no id is given
      ---
      duration_ms: 0.707743
      type: 'test'
      ...
    # Subtest: prefers the main agent's wire over a subagent's
    ok 3 - prefers the main agent's wire over a subagent's
      ---
      duration_ms: 0.447827
      type: 'test'
      ...
    # Subtest: returns null rather than guessing when Kimi has written nothing
    ok 4 - returns null rather than guessing when Kimi has written nothing
      ---
      duration_ms: 0.556491
      type: 'test'
      ...
    # Subtest: keeps every harness answering null for an unknown session on an empty home
    ok 5 - keeps every harness answering null for an unknown session on an empty home
      ---
      duration_ms: 0.972454
      type: 'test'
      ...
    1..5
ok 212 - finding the Kimi transcript
  ---
  duration_ms: 3.751937
  type: 'suite'
  ...
# Subtest: the active epic
    # Subtest: differs from the first open epic as soon as there are two
    ok 1 - differs from the first open epic as soon as there are two
      ---
      duration_ms: 1.39665
      type: 'test'
      ...
    # Subtest: puts the active epic first even when a closed one sorts before it
    ok 2 - puts the active epic first even when a closed one sorts before it
      ---
      duration_ms: 1.072465
      type: 'test'
      ...
    # Subtest: marks exactly one lane active
    ok 3 - marks exactly one lane active
      ---
      duration_ms: 0.239871
      type: 'test'
      ...
    # Subtest: marks none active when the store has no active epic
    ok 4 - marks none active when the store has no active epic
      ---
      duration_ms: 0.212353
      type: 'test'
      ...
    1..4
ok 213 - the active epic
  ---
  duration_ms: 4.405404
  type: 'suite'
  ...
# Subtest: laneOrder
    # Subtest: carries decision:map onto the lane so the header can chip it
    ok 1 - carries decision:map onto the lane so the header can chip it
      ---
      duration_ms: 0.495408
      type: 'test'
      ...
    # Subtest: shows the active epic even with no tasks in it yet
    ok 2 - shows the active epic even with no tasks in it yet
      ---
      duration_ms: 0.308938
      type: 'test'
      ...
    # Subtest: hides an empty epic that is not active, rather than padding the board
    ok 3 - hides an empty epic that is not active, rather than padding the board
      ---
      duration_ms: 0.297177
      type: 'test'
      ...
    # Subtest: gives unfiled work its own lane, last
    ok 4 - gives unfiled work its own lane, last
      ---
      duration_ms: 0.537403
      type: 'test'
      ...
    # Subtest: omits the unfiled lane when everything is filed
    ok 5 - omits the unfiled lane when everything is filed
      ---
      duration_ms: 0.362885
      type: 'test'
      ...
    # Subtest: keeps work visible when its epic does not exist, and says the epic is missing
    ok 6 - keeps work visible when its epic does not exist, and says the epic is missing
      ---
      duration_ms: 0.369243
      type: 'test'
      ...
    # Subtest: returns nothing for an empty board
    ok 7 - returns nothing for an empty board
      ---
      duration_ms: 0.161809
      type: 'test'
      ...
    1..7
ok 214 - laneOrder
  ---
  duration_ms: 3.114071
  type: 'suite'
  ...
# Subtest: laneTasks
    # Subtest: selects by epic
    ok 1 - selects by epic
      ---
      duration_ms: 0.252679
      type: 'test'
      ...
    # Subtest: selects the unfiled ones for the no-epic lane
    ok 2 - selects the unfiled ones for the no-epic lane
      ---
      duration_ms: 2.606624
      type: 'test'
      ...
    1..2
ok 215 - laneTasks
  ---
  duration_ms: 3.050829
  type: 'suite'
  ...
# Subtest: laneProgress
    # Subtest: counts done against total
    ok 1 - counts done against total
      ---
      duration_ms: 0.282863
      type: 'test'
      ...
    # Subtest: does not divide by zero on an empty lane
    ok 2 - does not divide by zero on an empty lane
      ---
      duration_ms: 0.179393
      type: 'test'
      ...
    # Subtest: reads 1 when everything is done
    ok 3 - reads 1 when everything is done
      ---
      duration_ms: 0.106304
      type: 'test'
      ...
    1..3
ok 216 - laneProgress
  ---
  duration_ms: 0.718592
  type: 'suite'
  ...
# Subtest: sortForLanes
    # Subtest: orders by lane first, so a status column reads down the screen
    ok 1 - orders by lane first, so a status column reads down the screen
      ---
      duration_ms: 17.431806
      type: 'test'
      ...
    # Subtest: keeps rank order inside a lane
    ok 2 - keeps rank order inside a lane
      ---
      duration_ms: 0.240205
      type: 'test'
      ...
    # Subtest: falls back to id order for unranked cards, matching the flat board
    ok 3 - falls back to id order for unranked cards, matching the flat board
      ---
      duration_ms: 0.162633
      type: 'test'
      ...
    # Subtest: puts a task whose lane is unknown at the end instead of dropping it
    ok 4 - puts a task whose lane is unknown at the end instead of dropping it
      ---
      duration_ms: 0.141626
      type: 'test'
      ...
    # Subtest: does not mutate the array it is given
    ok 5 - does not mutate the array it is given
      ---
      duration_ms: 0.140397
      type: 'test'
      ...
    1..5
ok 217 - sortForLanes
  ---
  duration_ms: 18.346136
  type: 'suite'
  ...
# warning: in the working copy of '.bytedesk/task-management/bin/tm-dashboard.cmd', CRLF will be replaced by LF the next time Git touches it
# warning: in the working copy of '.bytedesk/task-management/bin/tm-hook.cmd', CRLF will be replaced by LF the next time Git touches it
# warning: in the working copy of '.bytedesk/task-management/bin/tm.cmd', CRLF will be replaced by LF the next time Git touches it
# Subtest: project-local launchers
    # Subtest: writes six committable launchers in the task-management store
    ok 1 - writes six committable launchers in the task-management store
      ---
      duration_ms: 2.968986
      type: 'test'
      ...
    # Subtest: is idempotent and refreshes stale generated files without overwriting foreign files
    ok 2 - is idempotent and refreshes stale generated files without overwriting foreign files
      ---
      duration_ms: 3.514936
      type: 'test'
      ...
    # Subtest: routes every command to its matching binary through TM_PLUGIN_ROOT
    ok 3 - routes every command to its matching binary through TM_PLUGIN_ROOT
      ---
      duration_ms: 395.474572
      type: 'test'
      ...
    # Subtest: uses command-specific overrides and never routes hook or dashboard through TM_BIN
    ok 4 - uses command-specific overrides and never routes hook or dashboard through TM_BIN
      ---
      duration_ms: 733.691224
      type: 'test'
      ...
    # Subtest: resolves the relative project marketplace declaration
    ok 5 - resolves the relative project marketplace declaration
      ---
      duration_ms: 124.698672
      type: 'test'
      ...
    # Subtest: resolves a relative marketplace from the main checkout when run in a git worktree
    ok 6 - resolves a relative marketplace from the main checkout when run in a git worktree
      ---
      duration_ms: 193.196642
      type: 'test'
      ...
    # Subtest: resolves Codex cache and Claude registry installs
    ok 7 - resolves Codex cache and Claude registry installs
      ---
      duration_ms: 298.797958
      type: 'test'
      ...
    # Subtest: resolves the plugin selected by the Grok registry
    ok 8 - resolves the plugin selected by the Grok registry
      ---
      duration_ms: 128.032077
      type: 'test'
      ...
    # Subtest: fails clearly when missing and does not scan arbitrary ancestors
    ok 9 - fails clearly when missing and does not scan arbitrary ancestors
      ---
      duration_ms: 62.46564
      type: 'test'
      ...
    1..9
ok 218 - project-local launchers
  ---
  duration_ms: 1946.141634
  type: 'suite'
  ...
# Subtest: legacy project launcher cleanup
    # Subtest: removes only recognized generated launchers
    ok 1 - removes only recognized generated launchers
      ---
      duration_ms: 2.811252
      type: 'test'
      ...
    1..1
ok 219 - legacy project launcher cleanup
  ---
  duration_ms: 3.847086
  type: 'suite'
  ...
# Subtest: settings catalog
    # Subtest: writes launchBrowser, refuses boardId, and exposes no autolink setting
    ok 1 - writes launchBrowser, refuses boardId, and exposes no autolink setting
      ---
      duration_ms: 7.041033
      type: 'test'
      ...
    1..1
ok 220 - settings catalog
  ---
  duration_ms: 7.588117
  type: 'suite'
  ...
# Subtest: board payload
    # Subtest: includes the label catalog even on an empty board
    ok 1 - includes the label catalog even on an empty board
      ---
      duration_ms: 23.675501
      type: 'test'
      ...
    1..1
ok 221 - board payload
  ---
  duration_ms: 23.811547
  type: 'suite'
  ...
# Subtest: withLock
    # Subtest: returns the callback's value and releases the lock
    ok 1 - returns the callback's value and releases the lock
      ---
      duration_ms: 9.0234
      type: 'test'
      ...
    # Subtest: releases the lock when the callback throws
    ok 2 - releases the lock when the callback throws
      ---
      duration_ms: 3.660361
      type: 'test'
      ...
    # Subtest: breaks a stale lock rather than hanging forever
    ok 3 - breaks a stale lock rather than hanging forever
      ---
      duration_ms: 22.111751
      type: 'test'
      ...
    # Subtest: will not break a stale lock while another process is breaking it
    ok 4 - will not break a stale lock while another process is breaking it
      ---
      duration_ms: 303.991308
      type: 'test'
      ...
    # Subtest: clears a breaker whose own process died, so a lock is never permanently unbreakable
    ok 5 - clears a breaker whose own process died, so a lock is never permanently unbreakable
      ---
      duration_ms: 33.373731
      type: 'test'
      ...
    # Subtest: is not blocked by a lock some older version committed to the repo
    ok 6 - is not blocked by a lock some older version committed to the repo
      ---
      duration_ms: 17.309887
      type: 'test'
      ...
    # Subtest: does not treat a freshly created empty lock as dead
    ok 7 - does not treat a freshly created empty lock as dead
      ---
      duration_ms: 6.535259
      type: 'test'
      ...
    # Subtest: still breaks an empty lock once it has aged out
    ok 8 - still breaks an empty lock once it has aged out
      ---
      duration_ms: 23.54695
      type: 'test'
      ...
    # Subtest: treats a lock whose holder is gone as dead
    ok 9 - treats a lock whose holder is gone as dead
      ---
      duration_ms: 1.729101
      type: 'test'
      ...
    # Subtest: serializes concurrent claim writes from separate processes
    ok 10 - serializes concurrent claim writes from separate processes
      ---
      duration_ms: 594.246225
      type: 'test'
      ...
    # Subtest: never leaves a half-written state.json behind
    ok 11 - never leaves a half-written state.json behind
      ---
      duration_ms: 343.857679
      type: 'test'
      ...
    1..11
ok 222 - withLock
  ---
  duration_ms: 1364.708589
  type: 'suite'
  ...
# Subtest: a waiter that times out
    # Subtest: refuses rather than breaking a lock a live process is holding
    ok 1 - refuses rather than breaking a lock a live process is holding
      ---
      duration_ms: 164.310159
      type: 'test'
      ...
    # Subtest: still clears a lock whose holder is gone
    ok 2 - still clears a lock whose holder is gone
      ---
      duration_ms: 17.258246
      type: 'test'
      ...
    1..2
ok 223 - a waiter that times out
  ---
  duration_ms: 182.359936
  type: 'suite'
  ...
# Subtest: renderLog — the tail
    # Subtest: says something for an empty log
    ok 1 - says something for an empty log
      ---
      duration_ms: 2.270635
      type: 'test'
      ...
    # Subtest: groups by day rather than repeating a date on every line
    ok 2 - groups by day rather than repeating a date on every line
      ---
      duration_ms: 0.738482
      type: 'test'
      ...
    # Subtest: has a sentence for a soft delete, from the same catalog
    ok 3 - has a sentence for a soft delete, from the same catalog
      ---
      duration_ms: 0.351202
      type: 'test'
      ...
    # Subtest: uses the catalog's own sentence for each kind
    ok 4 - uses the catalog's own sentence for each kind
      ---
      duration_ms: 0.328904
      type: 'test'
      ...
    # Subtest: falls back to the raw kind for an event the catalog has not classified
    ok 5 - falls back to the raw kind for an event the catalog has not classified
      ---
      duration_ms: 2.182437
      type: 'test'
      ...
    # Subtest: shows the payload but not the plumbing
    ok 6 - shows the payload but not the plumbing
      ---
      duration_ms: 0.313916
      type: 'test'
      ...
    # Subtest: does not fall over on an event with no id
    ok 7 - does not fall over on an event with no id
      ---
      duration_ms: 0.298739
      type: 'test'
      ...
    1..7
ok 224 - renderLog — the tail
  ---
  duration_ms: 7.919261
  type: 'suite'
  ...
# Subtest: collapseLog — two log lines per write becomes one
    # Subtest: drops an update shadowed by a specific event in the same second
    ok 1 - drops an update shadowed by a specific event in the same second
      ---
      duration_ms: 0.397731
      type: 'test'
      ...
    # Subtest: keeps an update that stands alone, because then it IS the fact
    ok 2 - keeps an update that stands alone, because then it IS the fact
      ---
      duration_ms: 1.985273
      type: 'test'
      ...
    # Subtest: promotes a status change to its own row
    ok 3 - promotes a status change to its own row
      ---
      duration_ms: 3.965573
      type: 'test'
      ...
    # Subtest: does not repeat a status that did not change
    ok 4 - does not repeat a status that did not change
      ---
      duration_ms: 0.305376
      type: 'test'
      ...
    # Subtest: does not let one entity's event shadow another's update
    ok 5 - does not let one entity's event shadow another's update
      ---
      duration_ms: 0.147187
      type: 'test'
      ...
    1..5
ok 225 - collapseLog — two log lines per write becomes one
  ---
  duration_ms: 7.377234
  type: 'suite'
  ...
# Subtest: renderHistory — the per-issue changelog
    # Subtest: says so when nothing has happened
    ok 1 - says so when nothing has happened
      ---
      duration_ms: 6.080584
      type: 'test'
      ...
    # Subtest: shows the status path the task took
    ok 2 - shows the status path the task took
      ---
      duration_ms: 1.366329
      type: 'test'
      ...
    # Subtest: measures elapsed time from the first start, not from the previous row
    ok 3 - measures elapsed time from the first start, not from the previous row
      ---
      duration_ms: 0.828486
      type: 'test'
      ...
    # Subtest: uses coarse units
    ok 4 - uses coarse units
      ---
      duration_ms: 0.851308
      type: 'test'
      ...
    # Subtest: shows no delta at all for a task never started
    ok 5 - shows no delta at all for a task never started
      ---
      duration_ms: 2.523417
      type: 'test'
      ...
    1..5
ok 226 - renderHistory — the per-issue changelog
  ---
  duration_ms: 15.46324
  type: 'suite'
  ...
# Subtest: autoCloseEpic
    # Subtest: closes an epic once its last child is done
    ok 1 - closes an epic once its last child is done
      ---
      duration_ms: 214.872868
      type: 'test'
      ...
    # Subtest: ignores deleted children when deciding
    ok 2 - ignores deleted children when deciding
      ---
      duration_ms: 158.901965
      type: 'test'
      ...
    # Subtest: never closes a childless epic — that is a new epic, not a finished one
    ok 3 - never closes a childless epic — that is a new epic, not a finished one
      ---
      duration_ms: 38.648132
      type: 'test'
      ...
    # Subtest: respects autoCloseEpics: false
    ok 4 - respects autoCloseEpics: false
      ---
      duration_ms: 158.305457
      type: 'test'
      ...
    1..4
ok 227 - autoCloseEpic
  ---
  duration_ms: 572.176703
  type: 'suite'
  ...
# Subtest: event log rotation
    # Subtest: rotates once the log passes the configured size
    ok 1 - rotates once the log passes the configured size
      ---
      duration_ms: 8.299021
      type: 'test'
      ...
    # Subtest: still reads across a rotation boundary
    ok 2 - still reads across a rotation boundary
      ---
      duration_ms: 6.464446
      type: 'test'
      ...
    # Subtest: tolerates a corrupt line without losing the rest
    ok 3 - tolerates a corrupt line without losing the rest
      ---
      duration_ms: 3.25217
      type: 'test'
      ...
    1..3
ok 228 - event log rotation
  ---
  duration_ms: 18.787473
  type: 'suite'
  ...
# Subtest: incremental index
    # Subtest: patches a single entity without rescanning the store
    ok 1 - patches a single entity without rescanning the store
      ---
      duration_ms: 120.939394
      type: 'test'
      ...
    # Subtest: drops an entity from the index when it is deleted
    ok 2 - drops an entity from the index when it is deleted
      ---
      duration_ms: 84.908429
      type: 'test'
      ...
    # Subtest: rebuilds identically from the files it indexes
    ok 3 - rebuilds identically from the files it indexes
      ---
      duration_ms: 146.966275
      type: 'test'
      ...
    1..3
ok 229 - incremental index
  ---
  duration_ms: 353.282866
  type: 'suite'
  ...
# Subtest: blocks
    # Subtest: reads headings at every level
    ok 1 - reads headings at every level
      ---
      duration_ms: 5.836953
      type: 'test'
      ...
    # Subtest: joins a wrapped paragraph into one block
    ok 2 - joins a wrapped paragraph into one block
      ---
      duration_ms: 0.741437
      type: 'test'
      ...
    # Subtest: reads bullets and numbers as separate lists
    ok 3 - reads bullets and numbers as separate lists
      ---
      duration_ms: 0.340389
      type: 'test'
      ...
    # Subtest: does not merge a bullet list into a numbered one
    ok 4 - does not merge a bullet list into a numbered one
      ---
      duration_ms: 3.341988
      type: 'test'
      ...
    # Subtest: reads a task list's checked state, which criteria and goal docs both use
    ok 5 - reads a task list's checked state, which criteria and goal docs both use
      ---
      duration_ms: 0.310228
      type: 'test'
      ...
    # Subtest: folds a continuation line into the item above it
    ok 6 - folds a continuation line into the item above it
      ---
      duration_ms: 0.298045
      type: 'test'
      ...
    # Subtest: takes a fenced block verbatim, markup and blank lines included
    ok 7 - takes a fenced block verbatim, markup and blank lines included
      ---
      duration_ms: 0.317118
      type: 'test'
      ...
    # Subtest: survives an unterminated fence instead of dropping the rest of the body
    ok 8 - survives an unterminated fence instead of dropping the rest of the body
      ---
      duration_ms: 0.368433
      type: 'test'
      ...
    # Subtest: reads quotes and rules
    ok 9 - reads quotes and rules
      ---
      duration_ms: 0.39861
      type: 'test'
      ...
    # Subtest: treats blank input as nothing at all
    ok 10 - treats blank input as nothing at all
      ---
      duration_ms: 3.610422
      type: 'test'
      ...
    # Subtest: normalises CRLF, because a body can arrive from anywhere
    ok 11 - normalises CRLF, because a body can arrive from anywhere
      ---
      duration_ms: 0.354919
      type: 'test'
      ...
    1..11
ok 230 - blocks
  ---
  duration_ms: 17.955554
  type: 'suite'
  ...
# Subtest: inlines
    # Subtest: reads bold and inline code
    ok 1 - reads bold and inline code
      ---
      duration_ms: 0.249258
      type: 'test'
      ...
    # Subtest: leaves an unmatched marker as literal text
    ok 2 - leaves an unmatched marker as literal text
      ---
      duration_ms: 0.12866
      type: 'test'
      ...
    # Subtest: keeps the text when there is no markup at all
    ok 3 - keeps the text when there is no markup at all
      ---
      duration_ms: 0.085303
      type: 'test'
      ...
    # Subtest: does not treat an empty emphasis as bold
    ok 4 - does not treat an empty emphasis as bold
      ---
      duration_ms: 6.018244
      type: 'test'
      ...
    1..4
ok 231 - inlines
  ---
  duration_ms: 6.697393
  type: 'suite'
  ...
# Subtest: excerpt
    # Subtest: takes the first prose block
    ok 1 - takes the first prose block
      ---
      duration_ms: 0.250278
      type: 'test'
      ...
    # Subtest: truncates with an ellipsis rather than mid-word forever
    ok 2 - truncates with an ellipsis rather than mid-word forever
      ---
      duration_ms: 0.1228
      type: 'test'
      ...
    # Subtest: is empty when there is no prose
    ok 3 - is empty when there is no prose
      ---
      duration_ms: 0.078735
      type: 'test'
      ...
    1..3
ok 232 - excerpt
  ---
  duration_ms: 0.559494
  type: 'suite'
  ...
# Subtest: nothing becomes markup
    # Subtest: keeps every hostile construct as plain text
    ok 1 - keeps every hostile construct as plain text
      ---
      duration_ms: 0.445504
      type: 'test'
      ...
    # Subtest: produces only the block kinds the renderer knows how to draw
    ok 2 - produces only the block kinds the renderer knows how to draw
      ---
      duration_ms: 0.168214
      type: 'test'
      ...
    1..2
ok 233 - nothing becomes markup
  ---
  duration_ms: 1.403967
  type: 'suite'
  ...
# Subtest: tm_task_update start
    # Subtest: refuses a task another live session holds
    not ok 1 - refuses a task another live session holds
      ---
      duration_ms: 88.446732
      type: 'test'
      location: '/home/ryan/Documents/GitHub/ByteDeskAI/bytedesk-marketplace/.bytedesk/worktrees/TM-426-stop-worker-cannot-release-a-worker-that-exited-/task-management/tests/unit/mcp-claims.test.mjs:61:3'
      failureType: 'testCodeFailure'
      error: |-
        the path Claude uses must not get an easier ride than the CLI
        
        true !== false
        
      code: 'ERR_ASSERTION'
      name: 'AssertionError'
      expected: false
      actual: true
      operator: 'strictEqual'
      stack: |-
        TestContext.<anonymous> (file:///home/ryan/Documents/GitHub/ByteDeskAI/bytedesk-marketplace/.bytedesk/worktrees/TM-426-stop-worker-cannot-release-a-worker-that-exited-/task-management/tests/unit/mcp-claims.test.mjs:65:12)
        Test.runInAsyncScope (node:async_hooks:214:14)
        Test.run (node:internal/test_runner/test:1047:25)
        Test.start (node:internal/test_runner/test:944:17)
        node:internal/test_runner/test:1440:71
        node:internal/per_context/primordials:466:82
        new Promise (<anonymous>)
        new SafePromise (node:internal/per_context/primordials:435:3)
        node:internal/per_context/primordials:466:9
        Array.map (<anonymous>)
      ...
    # Subtest: names steal in the refusal, or an agent retries in a loop
    not ok 2 - names steal in the refusal, or an agent retries in a loop
      ---
      duration_ms: 84.544552
      type: 'test'
      location: '/home/ryan/Documents/GitHub/ByteDeskAI/bytedesk-marketplace/.bytedesk/worktrees/TM-426-stop-worker-cannot-release-a-worker-that-exited-/task-management/tests/unit/mcp-claims.test.mjs:70:3'
      failureType: 'testCodeFailure'
      error: 'The "string" argument must be of type string. Received type undefined (undefined)'
      code: 'ERR_ASSERTION'
      name: 'AssertionError'
      expected:
      operator: 'match'
      stack: |-
        TestContext.<anonymous> (file:///home/ryan/Documents/GitHub/ByteDeskAI/bytedesk-marketplace/.bytedesk/worktrees/TM-426-stop-worker-cannot-release-a-worker-that-exited-/task-management/tests/unit/mcp-claims.test.mjs:72:12)
        Test.runInAsyncScope (node:async_hooks:214:14)
        Test.run (node:internal/test_runner/test:1047:25)
        Suite.processPendingSubtests (node:internal/test_runner/test:744:18)
        Test.postRun (node:internal/test_runner/test:1173:19)
        Test.run (node:internal/test_runner/test:1101:12)
        async Promise.all (index 0)
        async Suite.run (node:internal/test_runner/test:1442:7)
        async startSubtestAfterBootstrap (node:internal/test_runner/harness:296:3)
      ...
    # Subtest: leaves no status change behind when it refuses
    not ok 3 - leaves no status change behind when it refuses
      ---
      duration_ms: 94.003724
      type: 'test'
      location: '/home/ryan/Documents/GitHub/ByteDeskAI/bytedesk-marketplace/.bytedesk/worktrees/TM-426-stop-worker-cannot-release-a-worker-that-exited-/task-management/tests/unit/mcp-claims.test.mjs:75:3'
      failureType: 'testCodeFailure'
      error: |-
        Expected values to be strictly equal:
        + actual - expected
        
        + 'fd2b831f'
        - 'alice'
        
      code: 'ERR_ASSERTION'
      name: 'AssertionError'
      expected: 'alice'
      actual: 'fd2b831f'
      operator: 'strictEqual'
      stack: |-
        TestContext.<anonymous> (file:///home/ryan/Documents/GitHub/ByteDeskAI/bytedesk-marketplace/.bytedesk/worktrees/TM-426-stop-worker-cannot-release-a-worker-that-exited-/task-management/tests/unit/mcp-claims.test.mjs:81:12)
        Test.runInAsyncScope (node:async_hooks:214:14)
        Test.run (node:internal/test_runner/test:1047:25)
        Suite.processPendingSubtests (node:internal/test_runner/test:744:18)
        Test.postRun (node:internal/test_runner/test:1173:19)
        Test.run (node:internal/test_runner/test:1101:12)
        async Suite.processPendingSubtests (node:internal/test_runner/test:744:7)
      ...
    # Subtest: takes it with steal, and says whose it was
    not ok 4 - takes it with steal, and says whose it was
      ---
      duration_ms: 199.774418
      type: 'test'
      location: '/home/ryan/Documents/GitHub/ByteDeskAI/bytedesk-marketplace/.bytedesk/worktrees/TM-426-stop-worker-cannot-release-a-worker-that-exited-/task-management/tests/unit/mcp-claims.test.mjs:84:3'
      failureType: 'testCodeFailure'
      error: |-
        Expected values to be strictly equal:
        + actual - expected
        
        + undefined
        - 'alice'
        
      code: 'ERR_ASSERTION'
      name: 'AssertionError'
      expected: 'alice'
      operator: 'strictEqual'
      stack: |-
        TestContext.<anonymous> (file:///home/ryan/Documents/GitHub/ByteDeskAI/bytedesk-marketplace/.bytedesk/worktrees/TM-426-stop-worker-cannot-release-a-worker-that-exited-/task-management/tests/unit/mcp-claims.test.mjs:89:12)
        Test.runInAsyncScope (node:async_hooks:214:14)
        Test.run (node:internal/test_runner/test:1047:25)
        Suite.processPendingSubtests (node:internal/test_runner/test:744:18)
        Test.postRun (node:internal/test_runner/test:1173:19)
        Test.run (node:internal/test_runner/test:1101:12)
        async Suite.processPendingSubtests (node:internal/test_runner/test:744:7)
      ...
    # Subtest: records claim_stolen, so taking someone's work leaves a trace
    not ok 5 - records claim_stolen, so taking someone's work leaves a trace
      ---
      duration_ms: 172.279978
      type: 'test'
      location: '/home/ryan/Documents/GitHub/ByteDeskAI/bytedesk-marketplace/.bytedesk/worktrees/TM-426-stop-worker-cannot-release-a-worker-that-exited-/task-management/tests/unit/mcp-claims.test.mjs:93:3'
      failureType: 'testCodeFailure'
      error: |-
        Expected values to be strictly equal:
        
        0 !== 1
        
      code: 'ERR_ASSERTION'
      name: 'AssertionError'
      expected: 1
      actual: 0
      operator: 'strictEqual'
      stack: |-
        TestContext.<anonymous> (file:///home/ryan/Documents/GitHub/ByteDeskAI/bytedesk-marketplace/.bytedesk/worktrees/TM-426-stop-worker-cannot-release-a-worker-that-exited-/task-management/tests/unit/mcp-claims.test.mjs:98:12)
        Test.runInAsyncScope (node:async_hooks:214:14)
        Test.run (node:internal/test_runner/test:1047:25)
        Suite.processPendingSubtests (node:internal/test_runner/test:744:18)
        Test.postRun (node:internal/test_runner/test:1173:19)
        Test.run (node:internal/test_runner/test:1101:12)
        async Suite.processPendingSubtests (node:internal/test_runner/test:744:7)
      ...
    # Subtest: keeps the fields expired() needs
    ok 6 - keeps the fields expired() needs
      ---
      duration_ms: 108.092399
      type: 'test'
      ...
    # Subtest: lets the holder start its own task without stealing from itself
    ok 7 - lets the holder start its own task without stealing from itself
      ---
      duration_ms: 137.451184
      type: 'test'
      ...
    1..7
not ok 234 - tm_task_update start
  ---
  duration_ms: 886.776728
  type: 'suite'
  location: '/home/ryan/Documents/GitHub/ByteDeskAI/bytedesk-marketplace/.bytedesk/worktrees/TM-426-stop-worker-cannot-release-a-worker-that-exited-/task-management/tests/unit/mcp-claims.test.mjs:60:1'
  failureType: 'subtestsFailed'
  error: '5 subtests failed'
  code: 'ERR_TEST_FAILURE'
  ...
# Subtest: tm_task_update done
    # Subtest: releases the claim and logs it
    ok 1 - releases the claim and logs it
      ---
      duration_ms: 104.75256
      type: 'test'
      ...
    1..1
ok 235 - tm_task_update done
  ---
  duration_ms: 105.965959
  type: 'suite'
  ...
# Subtest: tm_claim
    # Subtest: refuses a live foreign claim
    not ok 1 - refuses a live foreign claim
      ---
      duration_ms: 94.50699
      type: 'test'
      location: '/home/ryan/Documents/GitHub/ByteDeskAI/bytedesk-marketplace/.bytedesk/worktrees/TM-426-stop-worker-cannot-release-a-worker-that-exited-/task-management/tests/unit/mcp-claims.test.mjs:144:3'
      failureType: 'testCodeFailure'
      error: |-
        Expected values to be strictly equal:
        
        true !== false
        
      code: 'ERR_ASSERTION'
      name: 'AssertionError'
      expected: false
      actual: true
      operator: 'strictEqual'
      stack: |-
        TestContext.<anonymous> (file:///home/ryan/Documents/GitHub/ByteDeskAI/bytedesk-marketplace/.bytedesk/worktrees/TM-426-stop-worker-cannot-release-a-worker-that-exited-/task-management/tests/unit/mcp-claims.test.mjs:146:12)
        Test.runInAsyncScope (node:async_hooks:214:14)
        Test.run (node:internal/test_runner/test:1047:25)
        Test.start (node:internal/test_runner/test:944:17)
        node:internal/test_runner/test:1440:71
        node:internal/per_context/primordials:466:82
        new Promise (<anonymous>)
        new SafePromise (node:internal/per_context/primordials:435:3)
        node:internal/per_context/primordials:466:9
        Array.map (<anonymous>)
      ...
    # Subtest: takes a claim whose worktree is gone, exactly as the CLI does
    ok 2 - takes a claim whose worktree is gone, exactly as the CLI does
      ---
      duration_ms: 115.353808
      type: 'test'
      ...
    # Subtest: still reads the claim map when given no id
    ok 3 - still reads the claim map when given no id
      ---
      duration_ms: 90.626467
      type: 'test'
      ...
    1..3
not ok 236 - tm_claim
  ---
  duration_ms: 300.945739
  type: 'suite'
  location: '/home/ryan/Documents/GitHub/ByteDeskAI/bytedesk-marketplace/.bytedesk/worktrees/TM-426-stop-worker-cannot-release-a-worker-that-exited-/task-management/tests/unit/mcp-claims.test.mjs:143:1'
  failureType: 'subtestsFailed'
  error: '1 subtest failed'
  code: 'ERR_TEST_FAILURE'
  ...
# Subtest: the handshake identifies the code, not merely 'dev'
ok 237 - the handshake identifies the code, not merely 'dev'
  ---
  duration_ms: 12.611422
  type: 'test'
  ...
# Subtest: initialize returns the handshake, versioned from the plugin manifest
ok 238 - initialize returns the handshake, versioned from the plugin manifest
  ---
  duration_ms: 4.580477
  type: 'test'
  ...
# Subtest: notifications/initialized is answered with nothing at all
ok 239 - notifications/initialized is answered with nothing at all
  ---
  duration_ms: 1.471439
  type: 'test'
  ...
# Subtest: tools/list advertises every tool with a JSON Schema
ok 240 - tools/list advertises every tool with a JSON Schema
  ---
  duration_ms: 1.478945
  type: 'test'
  ...
# Subtest: unknown method is a JSON-RPC -32601
ok 241 - unknown method is a JSON-RPC -32601
  ---
  duration_ms: 1.379734
  type: 'test'
  ...
# Subtest: an unparseable line is a JSON-RPC -32700 with a null id
ok 242 - an unparseable line is a JSON-RPC -32700 with a null id
  ---
  duration_ms: 0.991355
  type: 'test'
  ...
# Subtest: blank lines produce no response
ok 243 - blank lines produce no response
  ---
  duration_ms: 0.924919
  type: 'test'
  ...
# Subtest: tm_task_create with no active epic is denied with the CLI's own words
ok 244 - tm_task_create with no active epic is denied with the CLI's own words
  ---
  duration_ms: 5.548246
  type: 'test'
  ...
# Subtest: tm_task_create refuses a sparse task and names what is missing
ok 245 - tm_task_create refuses a sparse task and names what is missing
  ---
  duration_ms: 55.97401
  type: 'test'
  ...
# Subtest: a full round trip: epic → task → acceptance → done → board
ok 246 - a full round trip: epic → task → acceptance → done → board
  ---
  duration_ms: 399.935844
  type: 'test'
  ...
# Subtest: tm_label catalog, exclusive roles, and create-time labels
ok 247 - tm_label catalog, exclusive roles, and create-time labels
  ---
  duration_ms: 258.179701
  type: 'test'
  ...
# Subtest: tm_epic use refuses a done epic, same words as the dashboard 409
ok 248 - tm_epic use refuses a done epic, same words as the dashboard 409
  ---
  duration_ms: 68.583854
  type: 'test'
  ...
# Subtest: tm_epic use of an already-open epic still works
ok 249 - tm_epic use of an already-open epic still works
  ---
  duration_ms: 121.425836
  type: 'test'
  ...
# Subtest: unknown tool names come back as a failed result, not a protocol error
ok 250 - unknown tool names come back as a failed result, not a protocol error
  ---
  duration_ms: 1.252551
  type: 'test'
  ...
# Subtest: tm_sprint mirrors the CLI verbs on the same store functions
ok 251 - tm_sprint mirrors the CLI verbs on the same store functions
  ---
  duration_ms: 303.509212
  type: 'test'
  ...
# Subtest: tm_sprint add without an active sprint is refused with the CLI's words
ok 252 - tm_sprint add without an active sprint is refused with the CLI's words
  ---
  duration_ms: 7.422109
  type: 'test'
  ...
# Subtest: tm_cap_drop records the reason and keeps the card readable
ok 253 - tm_cap_drop records the reason and keeps the card readable
  ---
  duration_ms: 74.984947
  type: 'test'
  ...
# Subtest: tools/list advertises every parity tool
ok 254 - tools/list advertises every parity tool
  ---
  duration_ms: 8.504253
  type: 'test'
  ...
# Subtest: tm_worktree new claims and provisions, rm releases and removes, list reads — and refuses a held task
not ok 255 - tm_worktree new claims and provisions, rm releases and removes, list reads — and refuses a held task
  ---
  duration_ms: 521.015137
  type: 'test'
  location: '/home/ryan/Documents/GitHub/ByteDeskAI/bytedesk-marketplace/.bytedesk/worktrees/TM-426-stop-worker-cannot-release-a-worker-that-exited-/task-management/tests/unit/mcp.test.mjs:340:1'
  failureType: 'testCodeFailure'
  error: |-
    Expected values to be strictly equal:
    
    true !== false
    
  code: 'ERR_ASSERTION'
  name: 'AssertionError'
  expected: false
  actual: true
  operator: 'strictEqual'
  stack: |-
    TestContext.<anonymous> (file:///home/ryan/Documents/GitHub/ByteDeskAI/bytedesk-marketplace/.bytedesk/worktrees/TM-426-stop-worker-cannot-release-a-worker-that-exited-/task-management/tests/unit/mcp.test.mjs:370:10)
    Test.runInAsyncScope (node:async_hooks:214:14)
    Test.run (node:internal/test_runner/test:1047:25)
    Test.processPendingSubtests (node:internal/test_runner/test:744:18)
    Test.postRun (node:internal/test_runner/test:1173:19)
    Test.run (node:internal/test_runner/test:1101:12)
    async Test.processPendingSubtests (node:internal/test_runner/test:744:7)
  ...
# Subtest: tm_link writes both ends and remove leaves both clean
ok 256 - tm_link writes both ends and remove leaves both clean
  ---
  duration_ms: 215.65762
  type: 'test'
  ...
# Subtest: tm_graph returns nodes, edges and a mermaid flowchart
ok 257 - tm_graph returns nodes, edges and a mermaid flowchart
  ---
  duration_ms: 171.779861
  type: 'test'
  ...
# Subtest: tm_doctor reports a dangling dep and repairs it only with confirm
ok 258 - tm_doctor reports a dangling dep and repairs it only with confirm
  ---
  duration_ms: 322.707042
  type: 'test'
  ...
# Subtest: tm_export renders each format and refuses an unknown one
ok 259 - tm_export renders each format and refuses an unknown one
  ---
  duration_ms: 99.075083
  type: 'test'
  ...
# Subtest: tm_time summarises the board and one task
ok 260 - tm_time summarises the board and one task
  ---
  duration_ms: 158.722506
  type: 'test'
  ...
# Subtest: tm_parallel batches tasks whose touches do not collide
ok 261 - tm_parallel batches tasks whose touches do not collide
  ---
  duration_ms: 175.428112
  type: 'test'
  ...
# Subtest: tm_task_field writes each Jira-shaped field through the CLI's functions
ok 262 - tm_task_field writes each Jira-shaped field through the CLI's functions
  ---
  duration_ms: 337.183955
  type: 'test'
  ...
# Subtest: tm_history lists one entity's events, labelled, and honours limit
ok 263 - tm_history lists one entity's events, labelled, and honours limit
  ---
  duration_ms: 125.72145
  type: 'test'
  ...
# Subtest: tm_stale names in_progress work older than staleMinutes
ok 264 - tm_stale names in_progress work older than staleMinutes
  ---
  duration_ms: 124.948436
  type: 'test'
  ...
# Subtest: tm_goal_import takes a pasted doc or a repo path, and refuses a path outside the repo
ok 265 - tm_goal_import takes a pasted doc or a repo path, and refuses a path outside the repo
  ---
  duration_ms: 229.223208
  type: 'test'
  ...
# Subtest: tm_task_update delete is soft and restore brings the task back where it was
ok 266 - tm_task_update delete is soft and restore brings the task back where it was
  ---
  duration_ms: 133.348506
  type: 'test'
  ...
# Subtest: fmtDuration
    # Subtest: reads at a glance at every scale
    ok 1 - reads at a glance at every scale
      ---
      duration_ms: 1.02055
      type: 'test'
      ...
    # Subtest: has nothing to say about nothing
    ok 2 - has nothing to say about nothing
      ---
      duration_ms: 0.262044
      type: 'test'
      ...
    1..2
ok 267 - fmtDuration
  ---
  duration_ms: 3.678769
  type: 'suite'
  ...
# Subtest: elapsed
    # Subtest: measures time since the card last moved
    ok 1 - measures time since the card last moved
      ---
      duration_ms: 0.421574
      type: 'test'
      ...
    # Subtest: falls back to creation when the card has never been touched
    ok 2 - falls back to creation when the card has never been touched
      ---
      duration_ms: 0.168091
      type: 'test'
      ...
    # Subtest: returns null when there are no timestamps at all
    ok 3 - returns null when there are no timestamps at all
      ---
      duration_ms: 0.198492
      type: 'test'
      ...
    1..3
ok 268 - elapsed
  ---
  duration_ms: 1.152017
  type: 'suite'
  ...
# Subtest: startTimes
    # Subtest: takes the first move into in_progress, not the last
    ok 1 - takes the first move into in_progress, not the last
      ---
      duration_ms: 0.407035
      type: 'test'
      ...
    # Subtest: ignores events that never started anything
    ok 2 - ignores events that never started anything
      ---
      duration_ms: 1.151926
      type: 'test'
      ...
    1..2
ok 269 - startTimes
  ---
  duration_ms: 2.055358
  type: 'suite'
  ...
# Subtest: cycleTime
    # Subtest: measures start → done
    ok 1 - measures start → done
      ---
      duration_ms: 1.212044
      type: 'test'
      ...
    # Subtest: falls back to creation when the start was never recorded
    ok 2 - falls back to creation when the start was never recorded
      ---
      duration_ms: 0.275217
      type: 'test'
      ...
    # Subtest: has no cycle time for work that is not finished
    ok 3 - has no cycle time for work that is not finished
      ---
      duration_ms: 0.316149
      type: 'test'
      ...
    # Subtest: never reports a negative cycle
    ok 4 - never reports a negative cycle
      ---
      duration_ms: 0.174158
      type: 'test'
      ...
    1..4
ok 270 - cycleTime
  ---
  duration_ms: 2.33375
  type: 'suite'
  ...
# Subtest: claim
    # Subtest: surfaces the branch and worktree holding an in-progress card
    ok 1 - surfaces the branch and worktree holding an in-progress card
      ---
      duration_ms: 2.418771
      type: 'test'
      ...
    # Subtest: reports nothing for unclaimed or finished work
    ok 2 - reports nothing for unclaimed or finished work
      ---
      duration_ms: 0.138786
      type: 'test'
      ...
    1..2
ok 271 - claim
  ---
  duration_ms: 2.745616
  type: 'suite'
  ...
# Subtest: burndown
    # Subtest: returns one point per day, oldest first
    ok 1 - returns one point per day, oldest first
      ---
      duration_ms: 0.627858
      type: 'test'
      ...
    # Subtest: ends at today's real remaining count
    ok 2 - ends at today's real remaining count
      ---
      duration_ms: 0.174875
      type: 'test'
      ...
    # Subtest: counts only the epic's throughput
    ok 3 - counts only the epic's throughput
      ---
      duration_ms: 0.336816
      type: 'test'
      ...
    # Subtest: walks remaining backwards through dones and creates
    ok 4 - walks remaining backwards through dones and creates
      ---
      duration_ms: 0.255241
      type: 'test'
      ...
    # Subtest: counts a card's completion once, however many events say done
    ok 5 - counts a card's completion once, however many events say done
      ---
      duration_ms: 0.20492
      type: 'test'
      ...
    # Subtest: survives an empty store
    ok 6 - survives an empty store
      ---
      duration_ms: 0.162062
      type: 'test'
      ...
    1..6
ok 272 - burndown
  ---
  duration_ms: 2.024713
  type: 'suite'
  ...
# Subtest: liveness follows writes, not status
    # Subtest: counts a task written to just now
    ok 1 - counts a task written to just now
      ---
      duration_ms: 4.062612
      type: 'test'
      ...
    # Subtest: stops counting one whose session went quiet
    ok 2 - stops counting one whose session went quiet
      ---
      duration_ms: 0.278704
      type: 'test'
      ...
    # Subtest: is empty on an idle board, so nothing loops forever
    ok 3 - is empty on an idle board, so nothing loops forever
      ---
      duration_ms: 0.243562
      type: 'test'
      ...
    # Subtest: takes the newest write per entity, not the first seen
    ok 4 - takes the newest write per entity, not the first seen
      ---
      duration_ms: 0.198626
      type: 'test'
      ...
    # Subtest: ignores events with no entity and unparseable timestamps
    ok 5 - ignores events with no entity and unparseable timestamps
      ---
      duration_ms: 0.20561
      type: 'test'
      ...
    1..5
ok 273 - liveness follows writes, not status
  ---
  duration_ms: 6.104747
  type: 'suite'
  ...
# Subtest: reduced motion
    # Subtest: has one switch that stops every animation and transition
    ok 1 - has one switch that stops every animation and transition
      ---
      duration_ms: 0.358374
      type: 'test'
      ...
    # Subtest: keeps the keyframes it references defined in one place
    ok 2 - keeps the keyframes it references defined in one place
      ---
      duration_ms: 0.234857
      type: 'test'
      ...
    1..2
ok 274 - reduced motion
  ---
  duration_ms: 0.976808
  type: 'suite'
  ...
# Subtest: catalog
    # Subtest: groups every event kind the store emits
    ok 1 - groups every event kind the store emits
      ---
      duration_ms: 14.662137
      type: 'test'
      ...
    # Subtest: has no catalog entry for an event nothing emits
    ok 2 - has no catalog entry for an event nothing emits
      ---
      duration_ms: 8.89548
      type: 'test'
      ...
    # Subtest: marks a small set as recommended and leaves writes off by default
    ok 3 - marks a small set as recommended and leaves writes off by default
      ---
      duration_ms: 2.183197
      type: 'test'
      ...
    # Subtest: gives every kind a human description for the settings panel
    ok 4 - gives every kind a human description for the settings panel
      ---
      duration_ms: 0.474494
      type: 'test'
      ...
    1..4
ok 275 - catalog
  ---
  duration_ms: 27.750375
  type: 'suite'
  ...
# Subtest: ntfyConfig
    # Subtest: takes the token from the environment, never from the store
    ok 1 - takes the token from the environment, never from the store
      ---
      duration_ms: 3.273002
      type: 'test'
      ...
    # Subtest: lets the environment override server and topic
    ok 2 - lets the environment override server and topic
      ---
      duration_ms: 1.689831
      type: 'test'
      ...
    # Subtest: is disabled when there is no token, whatever the config says
    ok 3 - is disabled when there is no token, whatever the config says
      ---
      duration_ms: 1.913926
      type: 'test'
      ...
    1..3
ok 276 - ntfyConfig
  ---
  duration_ms: 7.44188
  type: 'suite'
  ...
# Subtest: shouldPublish
    # Subtest: fires for a category that is switched on
    ok 1 - fires for a category that is switched on
      ---
      duration_ms: 1.703366
      type: 'test'
      ...
    # Subtest: stays silent for a category that is switched off
    ok 2 - stays silent for a category that is switched off
      ---
      duration_ms: 1.619618
      type: 'test'
      ...
    # Subtest: stays silent when ntfy is switched off entirely
    ok 3 - stays silent when ntfy is switched off entirely
      ---
      duration_ms: 1.507541
      type: 'test'
      ...
    # Subtest: rate-limits repeats for the same task and kind
    ok 4 - rate-limits repeats for the same task and kind
      ---
      duration_ms: 1.296957
      type: 'test'
      ...
    # Subtest: never fires for an unknown event kind
    ok 5 - never fires for an unknown event kind
      ---
      duration_ms: 1.424334
      type: 'test'
      ...
    1..5
ok 277 - shouldPublish
  ---
  duration_ms: 7.959703
  type: 'suite'
  ...
# Subtest: messageFor
    # Subtest: builds a title, body, priority and tags from the event
    ok 1 - builds a title, body, priority and tags from the event
      ---
      duration_ms: 1.633172
      type: 'test'
      ...
    # Subtest: deep-links to the card on the project's own dashboard port
    ok 2 - deep-links to the card on the project's own dashboard port
      ---
      duration_ms: 1.53456
      type: 'test'
      ...
    # Subtest: names the actor so parallel agents are distinguishable
    ok 3 - names the actor so parallel agents are distinguishable
      ---
      duration_ms: 1.299549
      type: 'test'
      ...
    # Subtest: survives an event with no task behind it
    ok 4 - survives an event with no task behind it
      ---
      duration_ms: 2.928796
      type: 'test'
      ...
    1..4
ok 278 - messageFor
  ---
  duration_ms: 7.680642
  type: 'suite'
  ...
# Subtest: headersFor
    # Subtest: keeps every header value inside latin-1
    ok 1 - keeps every header value inside latin-1
      ---
      duration_ms: 2.613739
      type: 'test'
      ...
    # Subtest: keeps the unicode in the body, where utf-8 is legal
    ok 2 - keeps the unicode in the body, where utf-8 is legal
      ---
      duration_ms: 1.525527
      type: 'test'
      ...
    # Subtest: survives an em dash anywhere in the catalog
    ok 3 - survives an em dash anywhere in the catalog
      ---
      duration_ms: 3.973896
      type: 'test'
      ...
    1..3
ok 279 - headersFor
  ---
  duration_ms: 8.430241
  type: 'suite'
  ...
# Subtest: topicUrl
    # Subtest: joins server and topic without doubling slashes
    ok 1 - joins server and topic without doubling slashes
      ---
      duration_ms: 0.294578
      type: 'test'
      ...
    1..1
ok 280 - topicUrl
  ---
  duration_ms: 0.399307
  type: 'suite'
  ...
# Subtest: tm override
    # Subtest: bare prints usage, exits non-zero, and arms nothing
    ok 1 - bare prints usage, exits non-zero, and arms nothing
      ---
      duration_ms: 173.009344
      type: 'test'
      ...
    # Subtest: with a reason arms one token; --clear disarms it and logs the event
    ok 2 - with a reason arms one token; --clear disarms it and logs the event
      ---
      duration_ms: 432.240046
      type: 'test'
      ...
    # Subtest: --clear with nothing armed is a no-op
    ok 3 - --clear with nothing armed is a no-op
      ---
      duration_ms: 245.605183
      type: 'test'
      ...
    1..3
ok 281 - tm override
  ---
  duration_ms: 855.874142
  type: 'suite'
  ...
# Subtest: batches
    # Subtest: puts colliding touches in different batches and untouched work anywhere
    ok 1 - puts colliding touches in different batches and untouched work anywhere
      ---
      duration_ms: 174.468499
      type: 'test'
      ...
    # Subtest: skips claimed, blocked and out-of-epic work
    ok 2 - skips claimed, blocked and out-of-epic work
      ---
      duration_ms: 360.470386
      type: 'test'
      ...
    1..2
ok 282 - batches
  ---
  duration_ms: 536.282014
  type: 'suite'
  ...
# Subtest: resolveRoot
    # Subtest: prefers an explicit TM_ROOT over everything else
    ok 1 - prefers an explicit TM_ROOT over everything else
      ---
      duration_ms: 74.866412
      type: 'test'
      ...
    # Subtest: prefers the executing project over the terminal's cwd
    ok 2 - prefers the executing project over the terminal's cwd
      ---
      duration_ms: 84.802877
      type: 'test'
      ...
    # Subtest: falls back to the cwd's repo when no project is declared
    ok 3 - falls back to the cwd's repo when no project is declared
      ---
      duration_ms: 79.661636
      type: 'test'
      ...
    # Subtest: resolves a worktree to its main checkout so both share one store
    ok 4 - resolves a worktree to its main checkout so both share one store
      ---
      duration_ms: 116.90933
      type: 'test'
      ...
    # Subtest: resolves a worktree named as the executing project to the main checkout too
    ok 5 - resolves a worktree named as the executing project to the main checkout too
      ---
      duration_ms: 123.893665
      type: 'test'
      ...
    # Subtest: treats the plugin's own source checkout as an ordinary project
    ok 6 - treats the plugin's own source checkout as an ordinary project
      ---
      duration_ms: 10.651443
      type: 'test'
      ...
    # Subtest: refuses to put a store inside an installed copy of the plugin
    ok 7 - refuses to put a store inside an installed copy of the plugin
      ---
      duration_ms: 138.460863
      type: 'test'
      ...
    1..7
ok 283 - resolveRoot
  ---
  duration_ms: 630.869979
  type: 'suite'
  ...
# Subtest: currentCheckout
    # Subtest: reports the worktree you are actually in, not the store root
    ok 1 - reports the worktree you are actually in, not the store root
      ---
      duration_ms: 95.73685
      type: 'test'
      ...
    1..1
ok 284 - currentCheckout
  ---
  duration_ms: 96.120494
  type: 'suite'
  ...
# Subtest: legacyStore
    # Subtest: finds a pre-v0.2 store stranded in a worktree
    ok 1 - finds a pre-v0.2 store stranded in a worktree
      ---
      duration_ms: 71.554384
      type: 'test'
      ...
    # Subtest: reports nothing when there is no stranded store
    ok 2 - reports nothing when there is no stranded store
      ---
      duration_ms: 65.189742
      type: 'test'
      ...
    1..2
ok 285 - legacyStore
  ---
  duration_ms: 137.053579
  type: 'suite'
  ...
# Subtest: a temp file cannot pass for an entity
    # Subtest: fileFor never resolves an id to a non-.md file
    ok 1 - fileFor never resolves an id to a non-.md file
      ---
      duration_ms: 4.927115
      type: 'test'
      ...
    # Subtest: read() finds nothing, so show/start/comment all refuse
    ok 2 - read() finds nothing, so show/start/comment all refuse
      ---
      duration_ms: 3.396235
      type: 'test'
      ...
    # Subtest: keeps resolving the real file when a temp for the same id sits beside it
    ok 3 - keeps resolving the real file when a temp for the same id sits beside it
      ---
      duration_ms: 40.843976
      type: 'test'
      ...
    # Subtest: the new temp name does not begin with the id at all
    ok 4 - the new temp name does not begin with the id at all
      ---
      duration_ms: 42.786705
      type: 'test'
      ...
    # Subtest: does not burn the id — the phantom never counted as an entity
    ok 5 - does not burn the id — the phantom never counted as an entity
      ---
      duration_ms: 40.376668
      type: 'test'
      ...
    # Subtest: stays out of every listing, as it always did
    ok 6 - stays out of every listing, as it always did
      ---
      duration_ms: 2.120083
      type: 'test'
      ...
    1..6
ok 286 - a temp file cannot pass for an entity
  ---
  duration_ms: 135.841648
  type: 'suite'
  ...
# Subtest: doctor reports the residue
    # Subtest: names a stray temp file rather than calling the store clean
    ok 1 - names a stray temp file rather than calling the store clean
      ---
      duration_ms: 151.841922
      type: 'test'
      ...
    # Subtest: refuses to delete it — the temp may be the only copy of that write
    ok 2 - refuses to delete it — the temp may be the only copy of that write
      ---
      duration_ms: 95.905174
      type: 'test'
      ...
    # Subtest: recognises the current temp shape too
    ok 3 - recognises the current temp shape too
      ---
      duration_ms: 86.458829
      type: 'test'
      ...
    # Subtest: says nothing on a store with no temps
    ok 4 - says nothing on a store with no temps
      ---
      duration_ms: 187.924958
      type: 'test'
      ...
    1..4
ok 287 - doctor reports the residue
  ---
  duration_ms: 522.880542
  type: 'suite'
  ...
# Subtest: the captured session fixture
    # Subtest: is verbatim v3 wire: session header first, tree-linked entries after
    ok 1 - is verbatim v3 wire: session header first, tree-linked entries after
      ---
      duration_ms: 1.680405
      type: 'test'
      ...
    # Subtest: carries the live proof that pi's bash tool exports PI_SESSION_ID
    ok 2 - carries the live proof that pi's bash tool exports PI_SESSION_ID
      ---
      duration_ms: 0.439445
      type: 'test'
      ...
    1..2
ok 288 - the captured session fixture
  ---
  duration_ms: 3.07436
  type: 'suite'
  ...
# Subtest: the measured-empty adapter
    # Subtest: registers no tools — pi 0.82.0 ships none that track tasks
    ok 1 - registers no tools — pi 0.82.0 ships none that track tasks
      ---
      duration_ms: 0.336677
      type: 'test'
      ...
    # Subtest: maps nothing to intents and gates nothing
    ok 2 - maps nothing to intents and gates nothing
      ---
      duration_ms: 0.191293
      type: 'test'
      ...
    1..2
ok 289 - the measured-empty adapter
  ---
  duration_ms: 0.696544
  type: 'suite'
  ...
# Subtest: session resolution
    # Subtest: recognises pi by the variable its bash tool actually sets
    ok 1 - recognises pi by the variable its bash tool actually sets
      ---
      duration_ms: 0.344918
      type: 'test'
      ...
    # Subtest: extends the SESSION_ENV chain without disturbing the existing order
    ok 2 - extends the SESSION_ENV chain without disturbing the existing order
      ---
      duration_ms: 0.242117
      type: 'test'
      ...
    1..2
ok 290 - session resolution
  ---
  duration_ms: 0.867747
  type: 'suite'
  ...
# Subtest: finding the Pi transcript
    # Subtest: locates a session by the uuid at the tail of the filename
    ok 1 - locates a session by the uuid at the tail of the filename
      ---
      duration_ms: 5.348152
      type: 'test'
      ...
    # Subtest: keeps dots in the directory name, unlike Claude's sanitizer
    ok 2 - keeps dots in the directory name, unlike Claude's sanitizer
      ---
      duration_ms: 2.498176
      type: 'test'
      ...
    # Subtest: falls back to the project's newest session when no id is given
    ok 3 - falls back to the project's newest session when no id is given
      ---
      duration_ms: 0.661809
      type: 'test'
      ...
    # Subtest: scopes the fallback to the project's own directory
    ok 4 - scopes the fallback to the project's own directory
      ---
      duration_ms: 0.623277
      type: 'test'
      ...
    # Subtest: returns null rather than guessing when pi has written nothing
    ok 5 - returns null rather than guessing when pi has written nothing
      ---
      duration_ms: 1.739213
      type: 'test'
      ...
    1..5
ok 291 - finding the Pi transcript
  ---
  duration_ms: 11.270107
  type: 'suite'
  ...
# Subtest: the work stream over a pi transcript
    # Subtest: reads no messages with the claude parser and falls back to raw lines, saying why
    ok 1 - reads no messages with the claude parser and falls back to raw lines, saying why
      ---
      duration_ms: 1.084524
      type: 'test'
      ...
    1..1
ok 292 - the work stream over a pi transcript
  ---
  duration_ms: 1.248981
  type: 'suite'
  ...
# Subtest: translating ACP into AG-UI
    # Subtest: never forwards private reasoning
    ok 1 - never forwards private reasoning
      ---
      duration_ms: 2.124886
      type: 'test'
      ...
    # Subtest: routes agent prose into a named slot, chosen from the lifecycle
    ok 2 - routes agent prose into a named slot, chosen from the lifecycle
      ---
      duration_ms: 0.45025
      type: 'test'
      ...
    # Subtest: preserves an unknown update instead of guessing what it is
    ok 3 - preserves an unknown update instead of guessing what it is
      ---
      duration_ms: 0.251082
      type: 'test'
      ...
    # Subtest: classifies an unfamiliar tool as a mutation, not a read
    ok 4 - classifies an unfamiliar tool as a mutation, not a read
      ---
      duration_ms: 0.800971
      type: 'test'
      ...
    # Subtest: turns a tool lifecycle into start, args, end and a verbatim result
    ok 5 - turns a tool lifecycle into start, args, end and a verbatim result
      ---
      duration_ms: 0.426514
      type: 'test'
      ...
    # Subtest: does not echo the operator's own goal back as agent speech
    ok 6 - does not echo the operator's own goal back as agent speech
      ---
      duration_ms: 0.480271
      type: 'test'
      ...
    # Subtest: carries the agent's own option id through a permission request
    ok 7 - carries the agent's own option id through a permission request
      ---
      duration_ms: 0.356818
      type: 'test'
      ...
    # Subtest: keeps run errors free of whatever the agent attached to them
    ok 8 - keeps run errors free of whatever the agent attached to them
      ---
      duration_ms: 0.287607
      type: 'test'
      ...
    1..8
ok 293 - translating ACP into AG-UI
  ---
  duration_ms: 7.6552
  type: 'suite'
  ...
# Subtest: the trusted-agent registry
    # Subtest: is empty until an operator configures one
    ok 1 - is empty until an operator configures one
      ---
      duration_ms: 2.810753
      type: 'test'
      ...
    # Subtest: never tells the browser what command it runs
    ok 2 - never tells the browser what command it runs
      ---
      duration_ms: 0.50869
      type: 'test'
      ...
    1..2
ok 294 - the trusted-agent registry
  ---
  duration_ms: 3.569683
  type: 'suite'
  ...
# Subtest: driving a real ACP process
    # Subtest: initializes, opens a session, streams a run, and stops
    ok 1 - initializes, opens a session, streams a run, and stops
      ---
      duration_ms: 77.362274
      type: 'test'
      ...
    # Subtest: hands a permission request to the caller and answers with the offered option id
    ok 2 - hands a permission request to the caller and answers with the offered option id
      ---
      duration_ms: 83.419804
      type: 'test'
      ...
    # Subtest: survives an error whose message cannot be turned into a string
    ok 3 - survives an error whose message cannot be turned into a string
      ---
      duration_ms: 114.812512
      type: 'test'
      ...
    # Subtest: drops an agent that writes without ever framing a message
    ok 4 - drops an agent that writes without ever framing a message
      ---
      duration_ms: 315.00769
      type: 'test'
      ...
    # Subtest: fails the run rather than hanging when the agent exits mid-prompt
    ok 5 - fails the run rather than hanging when the agent exits mid-prompt
      ---
      duration_ms: 90.958174
      type: 'test'
      ...
    # Subtest: survives an update variant it has never seen
    ok 6 - survives an update variant it has never seen
      ---
      duration_ms: 67.993338
      type: 'test'
      ...
    # Subtest: reports a command that is not installed as unhealthy rather than as fine
    ok 7 - reports a command that is not installed as unhealthy rather than as fine
      ---
      duration_ms: 4.62116
      type: 'test'
      ...
    # Subtest: probes a real one as healthy
    ok 8 - probes a real one as healthy
      ---
      duration_ms: 61.543318
      type: 'test'
      ...
    1..8
ok 295 - driving a real ACP process
  ---
  duration_ms: 816.492286
  type: 'suite'
  ...
# Subtest: a planning run
    # Subtest: streams AG-UI events, records the agent's question as a turn, and finishes
    ok 1 - streams AG-UI events, records the agent's question as a turn, and finishes
      ---
      duration_ms: 137.303969
      type: 'test'
      ...
    # Subtest: replays what already happened to a watcher that connects late
    ok 2 - replays what already happened to a watcher that connects late
      ---
      duration_ms: 108.444389
      type: 'test'
      ...
    # Subtest: declines an ACP permission request, because board writes go through the proposal instead
    ok 3 - declines an ACP permission request, because board writes go through the proposal instead
      ---
      duration_ms: 110.56574
      type: 'test'
      ...
    # Subtest: reports a crashed agent as failed rather than as a quiet finish
    ok 4 - reports a crashed agent as failed rather than as a quiet finish
      ---
      duration_ms: 117.658864
      type: 'test'
      ...
    # Subtest: refuses a second run on the same session, and an unconfigured agent
    ok 5 - refuses a second run on the same session, and an unconfigured agent
      ---
      duration_ms: 7.256673
      type: 'test'
      ...
    # Subtest: tells the agent the boundary, and marks attachments as untrusted quoted material
    ok 6 - tells the agent the boundary, and marks attachments as untrusted quoted material
      ---
      duration_ms: 0.237992
      type: 'test'
      ...
    1..6
ok 296 - a planning run
  ---
  duration_ms: 482.374573
  type: 'suite'
  ...
# Subtest: the governed tool surface
    # Subtest: gives a planner reads and nothing that writes
    ok 1 - gives a planner reads and nothing that writes
      ---
      duration_ms: 0.295467
      type: 'test'
      ...
    # Subtest: leaves the store untouched when every permitted tool is called as destructively as it allows
    ok 2 - leaves the store untouched when every permitted tool is called as destructively as it allows
      ---
      duration_ms: 159.456369
      type: 'test'
      ...
    # Subtest: enforces the profile where tools are CALLED, not only where they are listed
    ok 3 - enforces the profile where tools are CALLED, not only where they are listed
      ---
      duration_ms: 0.316768
      type: 'test'
      ...
    # Subtest: hands the ACP session this board's own server, in the planner profile
    ok 4 - hands the ACP session this board's own server, in the planner profile
      ---
      duration_ms: 2.357253
      type: 'test'
      ...
    1..4
ok 297 - the governed tool surface
  ---
  duration_ms: 162.699397
  type: 'suite'
  ...
# Subtest: proposing
    # Subtest: says what each operation would do, and costs no board state to ask
    ok 1 - says what each operation would do, and costs no board state to ask
      ---
      duration_ms: 11.232515
      type: 'test'
      ...
    # Subtest: refuses anything that is not a governed operation
    ok 2 - refuses anything that is not a governed operation
      ---
      duration_ms: 3.902133
      type: 'test'
      ...
    # Subtest: gives every operation a verdict, in the store's own words
    ok 3 - gives every operation a verdict, in the store's own words
      ---
      duration_ms: 2.729792
      type: 'test'
      ...
    1..3
ok 298 - proposing
  ---
  duration_ms: 19.220225
  type: 'suite'
  ...
# Subtest: applying
    # Subtest: lands the whole program through the store's own functions
    ok 1 - lands the whole program through the store's own functions
      ---
      duration_ms: 260.296852
      type: 'test'
      ...
    # Subtest: refuses to apply anything but the operations that were approved
    ok 2 - refuses to apply anything but the operations that were approved
      ---
      duration_ms: 13.359033
      type: 'test'
      ...
    # Subtest: digests the same proposal identically however its keys are ordered
    ok 3 - digests the same proposal identically however its keys are ordered
      ---
      duration_ms: 1.338733
      type: 'test'
      ...
    # Subtest: refuses at apply what the board refuses, in the board's own words
    ok 4 - refuses at apply what the board refuses, in the board's own words
      ---
      duration_ms: 3.393324
      type: 'test'
      ...
    # Subtest: leaves no partial program when an operation fails halfway
    ok 5 - leaves no partial program when an operation fails halfway
      ---
      duration_ms: 384.467994
      type: 'test'
      ...
    # Subtest: never puts a pre-existing record on the rollback list
    ok 6 - never puts a pre-existing record on the rollback list
      ---
      duration_ms: 181.949339
      type: 'test'
      ...
    1..6
ok 299 - applying
  ---
  duration_ms: 845.76245
  type: 'suite'
  ...
# Subtest: references, checked at preview rather than at apply
    # Subtest: refuses a dependency on something that does not exist
    ok 1 - refuses a dependency on something that does not exist
      ---
      duration_ms: 2.505647
      type: 'test'
      ...
    # Subtest: refuses an epic reference that names something which is not an epic
    ok 2 - refuses an epic reference that names something which is not an epic
      ---
      duration_ms: 52.488577
      type: 'test'
      ...
    # Subtest: refuses a ref shaped like a board id
    ok 3 - refuses a ref shaped like a board id
      ---
      duration_ms: 2.562619
      type: 'test'
      ...
    1..3
ok 300 - references, checked at preview rather than at apply
  ---
  duration_ms: 58.038429
  type: 'suite'
  ...
# Subtest: rollback restores what it modified, not only what it created
    # Subtest: puts a pre-existing task back when a later operation fails
    ok 1 - puts a pre-existing task back when a later operation fails
      ---
      duration_ms: 180.738107
      type: 'test'
      ...
    1..1
ok 301 - rollback restores what it modified, not only what it created
  ---
  duration_ms: 180.877775
  type: 'suite'
  ...
# Subtest: the gates and the destination are the board's, not the planner's
    # Subtest: honours every store refusal except the one about needing an active epic
    ok 1 - honours every store refusal except the one about needing an active epic
      ---
      duration_ms: 108.315352
      type: 'test'
      ...
    # Subtest: binds the destination it showed, so a moving active epic cannot redirect an approval
    ok 2 - binds the destination it showed, so a moving active epic cannot redirect an approval
      ---
      duration_ms: 137.802565
      type: 'test'
      ...
    1..2
ok 302 - the gates and the destination are the board's, not the planner's
  ---
  duration_ms: 246.321633
  type: 'suite'
  ...
# Subtest: a proposal cannot land a dependency loop
    # Subtest: refuses a cycle at preview, across the board and within the proposal
    ok 1 - refuses a cycle at preview, across the board and within the proposal
      ---
      duration_ms: 153.308073
      type: 'test'
      ...
    1..1
ok 303 - a proposal cannot land a dependency loop
  ---
  duration_ms: 153.465527
  type: 'suite'
  ...
# Subtest: a preview costs the operator nothing
    # Subtest: does not spend the one-shot override, and the apply spends it exactly once
    ok 1 - does not spend the one-shot override, and the apply spends it exactly once
      ---
      duration_ms: 155.896698
      type: 'test'
      ...
    # Subtest: binds a destination even when there is no active epic to inherit
    ok 2 - binds a destination even when there is no active epic to inherit
      ---
      duration_ms: 90.725308
      type: 'test'
      ...
    # Subtest: refuses an epic reference that this proposal creates as a task
    ok 3 - refuses an epic reference that this proposal creates as a task
      ---
      duration_ms: 3.242175
      type: 'test'
      ...
    1..3
ok 304 - a preview costs the operator nothing
  ---
  duration_ms: 250.178413
  type: 'suite'
  ...
# Subtest: a landing that is killed rather than thrown out of
    # Subtest: leaves a journal that undoes exactly what it had done
    ok 1 - leaves a journal that undoes exactly what it had done
      ---
      duration_ms: 173.508243
      type: 'test'
      ...
    # Subtest: never removes a record it did not write down, however old the journal is
    ok 2 - never removes a record it did not write down, however old the journal is
      ---
      duration_ms: 141.574251
      type: 'test'
      ...
    1..2
ok 305 - a landing that is killed rather than thrown out of
  ---
  duration_ms: 315.310279
  type: 'suite'
  ...
# Subtest: an undo that cannot finish says so
    # Subtest: marks the error, so a caller cannot hand the same approval back
    ok 1 - marks the error, so a caller cannot hand the same approval back
      ---
      duration_ms: 127.301436
      type: 'test'
      ...
    1..1
ok 306 - an undo that cannot finish says so
  ---
  duration_ms: 127.45879
  type: 'suite'
  ...
# Subtest: the journal is input, not a value this process computed
    # Subtest: reserves interleaved ids, so two operations never collide on one
    ok 1 - reserves interleaved ids, so two operations never collide on one
      ---
      duration_ms: 90.488701
      type: 'test'
      ...
    # Subtest: will not restore a snapshot to a file outside the store
    ok 2 - will not restore a snapshot to a file outside the store
      ---
      duration_ms: 4.032591
      type: 'test'
      ...
    1..2
ok 307 - the journal is input, not a value this process computed
  ---
  duration_ms: 94.740727
  type: 'suite'
  ...
# Subtest: one override, one approved set
    # Subtest: spends a single token for the whole landing, not one per operation
    ok 1 - spends a single token for the whole landing, not one per operation
      ---
      duration_ms: 237.54837
      type: 'test'
      ...
    1..1
ok 308 - one override, one approved set
  ---
  duration_ms: 237.696219
  type: 'suite'
  ...
# Subtest: planning sessions
    # Subtest: opens a session for one outcome, and refuses an empty or essay-length one
    ok 1 - opens a session for one outcome, and refuses an empty or essay-length one
      ---
      duration_ms: 67.181862
      type: 'test'
      ...
    # Subtest: survives a restart, because the session is a file and not process memory
    ok 2 - survives a restart, because the session is a file and not process memory
      ---
      duration_ms: 18.879501
      type: 'test'
      ...
    # Subtest: refuses a turn kind it does not know, so agent prose cannot invent a slot
    ok 3 - refuses a turn kind it does not know, so agent prose cannot invent a slot
      ---
      duration_ms: 2.50227
      type: 'test'
      ...
    # Subtest: lists newest first, and refuses to touch anything that is not a session id
    ok 4 - lists newest first, and refuses to touch anything that is not a session id
      ---
      duration_ms: 22.678083
      type: 'test'
      ...
    # Subtest: closes and deletes, taking the attachments with it
    ok 5 - closes and deletes, taking the attachments with it
      ---
      duration_ms: 11.542752
      type: 'test'
      ...
    1..5
ok 309 - planning sessions
  ---
  duration_ms: 124.251215
  type: 'suite'
  ...
# Subtest: planning attachments
    # Subtest: never lets a supplied name reach the filesystem
    ok 1 - never lets a supplied name reach the filesystem
      ---
      duration_ms: 4.611617
      type: 'test'
      ...
    # Subtest: strips control characters from a display name rather than storing them
    ok 2 - strips control characters from a display name rather than storing them
      ---
      duration_ms: 0.326798
      type: 'test'
      ...
    # Subtest: strips the bidi overrides, so a name cannot lie about what the file is
    ok 3 - strips the bidi overrides, so a name cannot lie about what the file is
      ---
      duration_ms: 0.638531
      type: 'test'
      ...
    # Subtest: stores one copy of the same bytes, however many times they arrive
    ok 4 - stores one copy of the same bytes, however many times they arrive
      ---
      duration_ms: 3.512121
      type: 'test'
      ...
    # Subtest: takes text and images and refuses everything else, by extension and by bytes
    ok 5 - takes text and images and refuses everything else, by extension and by bytes
      ---
      duration_ms: 4.044811
      type: 'test'
      ...
    # Subtest: bounds one file, the whole session, and the count
    ok 6 - bounds one file, the whole session, and the count
      ---
      duration_ms: 2.317734
      type: 'test'
      ...
    # Subtest: records the bytes as untrusted context, and hashes them
    ok 7 - records the bytes as untrusted context, and hashes them
      ---
      duration_ms: 7.560271
      type: 'test'
      ...
    # Subtest: serves an attachment only through its own session, and fails closed otherwise
    ok 8 - serves an attachment only through its own session, and fails closed otherwise
      ---
      duration_ms: 2.441441
      type: 'test'
      ...
    1..8
ok 310 - planning attachments
  ---
  duration_ms: 26.258756
  type: 'suite'
  ...
# Subtest: choosePlanSource
    # Subtest: uses the payload path when that file exists
    ok 1 - uses the payload path when that file exists
      ---
      duration_ms: 5.963882
      type: 'test'
      ...
    # Subtest: falls back to newest-mtime when the payload path is missing or gone
    ok 2 - falls back to newest-mtime when the payload path is missing or gone
      ---
      duration_ms: 5.303408
      type: 'test'
      ...
    # Subtest: does not treat a Codex plan array as a path
    ok 3 - does not treat a Codex plan array as a path
      ---
      duration_ms: 0.301132
      type: 'test'
      ...
    # Subtest: returns null when there is no payload path and the dir is empty
    ok 4 - returns null when there is no payload path and the dir is empty
      ---
      duration_ms: 1.336159
      type: 'test'
      ...
    1..4
ok 311 - choosePlanSource
  ---
  duration_ms: 14.473903
  type: 'suite'
  ...
# Subtest: capturePlan
    # Subtest: copies the source into p.plans and sets epic.plan
    ok 1 - copies the source into p.plans and sets epic.plan
      ---
      duration_ms: 70.287079
      type: 'test'
      ...
    # Subtest: links the active epic rather than minting another
    ok 2 - links the active epic rather than minting another
      ---
      duration_ms: 55.469505
      type: 'test'
      ...
    # Subtest: returns null when there is nothing to capture
    ok 3 - returns null when there is nothing to capture
      ---
      duration_ms: 1.240202
      type: 'test'
      ...
    1..3
ok 312 - capturePlan
  ---
  duration_ms: 127.635037
  type: 'suite'
  ...
# Subtest: tm show
    # Subtest: prints plan: when the epic has one
    ok 1 - prints plan: when the epic has one
      ---
      duration_ms: 162.906896
      type: 'test'
      ...
    # Subtest: omits plan: when the pointer is unset
    ok 2 - omits plan: when the pointer is unset
      ---
      duration_ms: 205.469329
      type: 'test'
      ...
    1..2
ok 313 - tm show
  ---
  duration_ms: 368.868247
  type: 'suite'
  ...
# Subtest: pool policy
    # Subtest: poolWip caps the pool without consulting the interactive wipLimit
    ok 1 - poolWip caps the pool without consulting the interactive wipLimit
      ---
      duration_ms: 929.621792
      type: 'test'
      ...
    # Subtest: the interactive gate still honours wipLimit, unchanged
    ok 2 - the interactive gate still honours wipLimit, unchanged
      ---
      duration_ms: 306.370189
      type: 'test'
      ...
    # Subtest: dispatch.backendCaps caps one backend even when the pool has room
    ok 3 - dispatch.backendCaps caps one backend even when the pool has room
      ---
      duration_ms: 552.675113
      type: 'test'
      ...
    1..3
ok 314 - pool policy
  ---
  duration_ms: 1789.755405
  type: 'suite'
  ...
# Subtest: settings catalog
    # Subtest: lists the dispatch and registry keys in the agents group
    ok 1 - lists the dispatch and registry keys in the agents group
      ---
      duration_ms: 2.816677
      type: 'test'
      ...
    # Subtest: applies an allowlisted dispatch key and ignores an invented one
    ok 2 - applies an allowlisted dispatch key and ignores an invented one
      ---
      duration_ms: 6.650315
      type: 'test'
      ...
    1..2
ok 315 - settings catalog
  ---
  duration_ms: 9.856814
  type: 'suite'
  ...
# Subtest: TM-178 — one predicate, on by default
    # Subtest: poolEnabled is true unless dispatch.enabled is exactly false
    ok 1 - poolEnabled is true unless dispatch.enabled is exactly false
      ---
      duration_ms: 0.997273
      type: 'test'
      ...
    # Subtest: the settings catalog defaults dispatch.enabled to true
    ok 2 - the settings catalog defaults dispatch.enabled to true
      ---
      duration_ms: 3.261328
      type: 'test'
      ...
    # Subtest: tm pool status reports enabled through the same predicate
    ok 3 - tm pool status reports enabled through the same predicate
      ---
      duration_ms: 309.548693
      type: 'test'
      ...
    1..3
ok 316 - TM-178 — one predicate, on by default
  ---
  duration_ms: 314.928442
  type: 'suite'
  ...
# Subtest: TM-178 B3 — the pool takes only tasks that pass agentReadiness
    # Subtest: skips a hand-labelled incomplete task, names the missing fields, and does not count a failure
    ok 1 - skips a hand-labelled incomplete task, names the missing fields, and does not count a failure
      ---
      duration_ms: 621.427424
      type: 'test'
      ...
    1..1
ok 317 - TM-178 B3 — the pool takes only tasks that pass agentReadiness
  ---
  duration_ms: 622.628195
  type: 'suite'
  ...
# Subtest: TM-178 — the loop follows dispatch.enabled live
    # Subtest: unset: the loop dispatches; set false mid-run: no further dispatch, exit within one poll, pool.pid released
    ok 1 - unset: the loop dispatches; set false mid-run: no further dispatch, exit within one poll, pool.pid released
      ---
      duration_ms: 1086.798239
      type: 'test'
      ...
    # Subtest: explicit false at launch: the loop returns at once, no tick, no pid file
    ok 2 - explicit false at launch: the loop returns at once, no tick, no pid file
      ---
      duration_ms: 114.875547
      type: 'test'
      ...
    1..2
ok 318 - TM-178 — the loop follows dispatch.enabled live
  ---
  duration_ms: 1202.238797
  type: 'suite'
  ...
# Subtest: TM-178 — `tm pool run` is one foreground pool per store
    # Subtest: a second run refuses with exit 2 while a live pool holds pool.pid, and prints its state line
    ok 1 - a second run refuses with exit 2 while a live pool holds pool.pid, and prints its state line
      ---
      duration_ms: 1886.271968
      type: 'test'
      ...
    1..1
ok 319 - TM-178 — `tm pool run` is one foreground pool per store
  ---
  duration_ms: 1886.809432
  type: 'suite'
  ...
# Subtest: TM-178 — the session-start line
    # Subtest: on with no pool yet: one line with the state, the ready count and the working count
    ok 1 - on with no pool yet: one line with the state, the ready count and the working count
      ---
      duration_ms: 199.67436
      type: 'test'
      ...
    # Subtest: on with a live pool: names its pid
    ok 2 - on with a live pool: names its pid
      ---
      duration_ms: 111.65544
      type: 'test'
      ...
    # Subtest: off: says so, and how to turn it back on
    ok 3 - off: says so, and how to turn it back on
      ---
      duration_ms: 132.211865
      type: 'test'
      ...
    1..3
ok 320 - TM-178 — the session-start line
  ---
  duration_ms: 443.842896
  type: 'suite'
  ...
# Subtest: TM-178 — ensure starts one detached pool per repo
    # Subtest: the pool outlives the short-lived process that asked for it
    ok 1 - the pool outlives the short-lived process that asked for it
      ---
      duration_ms: 1565.597219
      type: 'test'
      ...
    # Subtest: a second ensure starts nothing and reports the running pool
    ok 2 - a second ensure starts nothing and reports the running pool
      ---
      duration_ms: 1335.770742
      type: 'test'
      ...
    # Subtest: ensure while dispatch.enabled is false spawns nothing
    ok 3 - ensure while dispatch.enabled is false spawns nothing
      ---
      duration_ms: 947.213689
      type: 'test'
      ...
    # Subtest: run --auto is an alias of ensure, so an older cached monitors.json still behaves
    ok 4 - run --auto is an alias of ensure, so an older cached monitors.json still behaves
      ---
      duration_ms: 393.458136
      type: 'test'
      ...
    # Subtest: two concurrent ensures leave exactly one live pool, and one clean log
    ok 5 - two concurrent ensures leave exactly one live pool, and one clean log
      ---
      duration_ms: 1224.027151
      type: 'test'
      ...
    # Subtest: three more ensures add no processes
    ok 6 - three more ensures add no processes
      ---
      duration_ms: 1274.981438
      type: 'test'
      ...
    1..6
ok 321 - TM-178 — ensure starts one detached pool per repo
  ---
  duration_ms: 6743.043682
  type: 'suite'
  ...
# Subtest: TM-235 — the detached pool sheds a worker's pinned PR base
    # Subtest: strips TM_DISPATCH_INTEGRATION_BRANCH alongside the other worker markers
    ok 1 - strips TM_DISPATCH_INTEGRATION_BRANCH alongside the other worker markers
      ---
      duration_ms: 20.551183
      type: 'test'
      ...
    1..1
ok 322 - TM-235 — the detached pool sheds a worker's pinned PR base
  ---
  duration_ms: 20.903081
  type: 'suite'
  ...
# Subtest: TM-447 — a woken pool and a cross-repo tm child shed agent-orchestration identity
    # Subtest: review: TMUX_PANE never reaches the pool or a runTm child, and TMUX not a runTm child
    ok 1 - review: TMUX_PANE never reaches the pool or a runTm child, and TMUX not a runTm child
      ---
      duration_ms: 21.231136
      type: 'test'
      ...
    # Subtest: review: mail to a lead carries only the sender identity of the caller's AO env
    ok 2 - review: mail to a lead carries only the sender identity of the caller's AO env
      ---
      duration_ms: 0.715676
      type: 'test'
      ...
    # Subtest: B's pool env has no AO_AGENT_ID or other AO identity, and keeps AO machine config
    ok 3 - B's pool env has no AO_AGENT_ID or other AO identity, and keeps AO machine config
      ---
      duration_ms: 21.0296
      type: 'test'
      ...
    # Subtest: a runTm child (file, notify, pool ensure on the target) gets the same env
    ok 4 - a runTm child (file, notify, pool ensure on the target) gets the same env
      ---
      duration_ms: 0.291246
      type: 'test'
      ...
    1..4
ok 323 - TM-447 — a woken pool and a cross-repo tm child shed agent-orchestration identity
  ---
  duration_ms: 43.660519
  type: 'suite'
  ...
# Subtest: TM-178 — the detached pool follows config and comes back
    # Subtest: setting dispatch.enabled false makes the running pool exit within one poll
    ok 1 - setting dispatch.enabled false makes the running pool exit within one poll
      ---
      duration_ms: 730.397282
      type: 'test'
      ...
    # Subtest: a SIGKILLed pool leaves a stale pid file, and the next ensure replaces it
    ok 2 - a SIGKILLed pool leaves a stale pid file, and the next ensure replaces it
      ---
      duration_ms: 851.912698
      type: 'test'
      ...
    # Subtest: an idle pool exits on its own after dispatch.idleExitMinutes, and the next ensure brings it back
    ok 3 - an idle pool exits on its own after dispatch.idleExitMinutes, and the next ensure brings it back
      ---
      duration_ms: 1744.864841
      type: 'test'
      ...
    # Subtest: a pool with work to do does not idle out
    ok 4 - a pool with work to do does not idle out
      ---
      duration_ms: 3459.618877
      type: 'test'
      ...
    1..4
ok 324 - TM-178 — the detached pool follows config and comes back
  ---
  duration_ms: 6787.341707
  type: 'suite'
  ...
# Subtest: TM-178 — the triggers
    # Subtest: the user-prompt hook starts a pool when none is live, and still prints its own output only
    ok 1 - the user-prompt hook starts a pool when none is live, and still prints its own output only
      ---
      duration_ms: 322.651468
      type: 'test'
      ...
    # Subtest: tm config dispatch.enabled true starts a pool at once
    ok 2 - tm config dispatch.enabled true starts a pool at once
      ---
      duration_ms: 605.166237
      type: 'test'
      ...
    # Subtest: the dashboard settings save starts a pool when a dispatch key changes
    ok 3 - the dashboard settings save starts a pool when a dispatch key changes
      ---
      duration_ms: 255.197309
      type: 'test'
      ...
    1..3
ok 325 - TM-178 — the triggers
  ---
  duration_ms: 1183.358376
  type: 'suite'
  ...
# Subtest: TM-178 — pool status carries what the dashboard needs
    # Subtest: reports idleExitMinutes and the log path
    ok 1 - reports idleExitMinutes and the log path
      ---
      duration_ms: 282.087174
      type: 'test'
      ...
    # Subtest: pool.log is in the store's git contract, like pool.pid
    ok 2 - pool.log is in the store's git contract, like pool.pid
      ---
      duration_ms: 22.162003
      type: 'test'
      ...
    1..2
ok 326 - TM-178 — pool status carries what the dashboard needs
  ---
  duration_ms: 304.476958
  type: 'suite'
  ...
# Subtest: TM-175 B4 — busy is counted from the board, not the agent registry
    # Subtest: poolWip still holds after every worker's registry entry passes agentTtlMinutes
    ok 1 - poolWip still holds after every worker's registry entry passes agentTtlMinutes
      ---
      duration_ms: 1288.190825
      type: 'test'
      ...
    # Subtest: backendCaps count in_progress tasks by dispatched.backend, after the TTL too
    ok 2 - backendCaps count in_progress tasks by dispatched.backend, after the TTL too
      ---
      duration_ms: 663.630353
      type: 'test'
      ...
    # Subtest: an in_progress task without a dispatch record (interactive work) does not consume pool WIP
    ok 3 - an in_progress task without a dispatch record (interactive work) does not consume pool WIP
      ---
      duration_ms: 832.551185
      type: 'test'
      ...
    1..3
ok 327 - TM-175 B4 — busy is counted from the board, not the agent registry
  ---
  duration_ms: 2786.770344
  type: 'suite'
  ...
# Subtest: TM-175 B5 — a stop that lands during a tick is not lost
    # Subtest: SIGTERM during a slow tick ends the loop after that tick and removes pool.pid
    ok 1 - SIGTERM during a slow tick ends the loop after that tick and removes pool.pid
      ---
      duration_ms: 592.976339
      type: 'test'
      ...
    1..1
ok 328 - TM-175 B5 — a stop that lands during a tick is not lost
  ---
  duration_ms: 593.607216
  type: 'suite'
  ...
# Subtest: TM-175 B6 — running work occupies its touches
    # Subtest: skips a ready task whose touches overlap an in_progress task's touches
    ok 1 - skips a ready task whose touches overlap an in_progress task's touches
      ---
      duration_ms: 511.666018
      type: 'test'
      ...
    1..1
ok 329 - TM-175 B6 — running work occupies its touches
  ---
  duration_ms: 511.845234
  type: 'suite'
  ...
# Subtest: TM-175 B7 — a failed dispatch removes the worktree it created
    # Subtest: removes the worktree after a spawn failure, so a re-dispatch of that task succeeds
    ok 1 - removes the worktree after a spawn failure, so a re-dispatch of that task succeeds
      ---
      duration_ms: 746.207186
      type: 'test'
      ...
    # Subtest: keeps a claim that predates the dispatch and retains the failed launch checkout
    ok 2 - keeps a claim that predates the dispatch and retains the failed launch checkout
      ---
      duration_ms: 361.394648
      type: 'test'
      ...
    # Subtest: never removes a checkout it did not create (guard)
    ok 3 - never removes a checkout it did not create (guard)
      ---
      duration_ms: 290.765181
      type: 'test'
      ...
    1..3
ok 330 - TM-175 B7 — a failed dispatch removes the worktree it created
  ---
  duration_ms: 1398.91656
  type: 'suite'
  ...
# Subtest: TM-175 B8 — pool.pid is taken exclusively
    # Subtest: two concurrent runPool calls on one store give exactly one running pool
    ok 1 - two concurrent runPool calls on one store give exactly one running pool
      ---
      duration_ms: 3.933179
      type: 'test'
      ...
    # Subtest: replaces a stale record: a dead pid, or another store's path (guard)
    ok 2 - replaces a stale record: a dead pid, or another store's path (guard)
      ---
      duration_ms: 6.329605
      type: 'test'
      ...
    1..2
ok 331 - TM-175 B8 — pool.pid is taken exclusively
  ---
  duration_ms: 10.440916
  type: 'suite'
  ...
# Subtest: TM-175 brakes — the pool pauses instead of burning the queue
    # Subtest: task-local launch holds do not pause unrelated eligible work
    ok 1 - task-local launch holds do not pause unrelated eligible work
      ---
      duration_ms: 842.982779
      type: 'test'
      ...
    # Subtest: a task-specific worker failure does not consume provider failure budget
    ok 2 - a task-specific worker failure does not consume provider failure budget
      ---
      duration_ms: 469.337555
      type: 'test'
      ...
    # Subtest: workers that die at once pause the pool after maxFailures (default 3), before the queue is parked
    ok 3 - workers that die at once pause the pool after maxFailures (default 3), before the queue is parked
      ---
      duration_ms: 940.85343
      type: 'test'
      ...
    # Subtest: maxFailures consecutive dispatch failures pause the pool mid-tick
    ok 4 - maxFailures consecutive dispatch failures pause the pool mid-tick
      ---
      duration_ms: 593.357464
      type: 'test'
      ...
    # Subtest: one quota-shaped dispatch failure pauses at once
    ok 5 - one quota-shaped dispatch failure pauses at once
      ---
      duration_ms: 342.792444
      type: 'test'
      ...
    # Subtest: one quota-shaped worker failure pauses at once
    ok 6 - one quota-shaped worker failure pauses at once
      ---
      duration_ms: 381.179443
      type: 'test'
      ...
    # Subtest: a dispatched task that closes resets the count; a pending worker neither adds nor resets
    ok 7 - a dispatched task that closes resets the count; a pending worker neither adds nor resets
      ---
      duration_ms: 1024.179065
      type: 'test'
      ...
    # Subtest: a dispatched task parked by hand neither resets nor adds; a task closed before the streak does not reset it
    ok 8 - a dispatched task parked by hand neither resets nor adds; a task closed before the streak does not reset it
      ---
      duration_ms: 703.133411
      type: 'test'
      ...
    # Subtest: the pause is on disk: a fresh loop stays paused until resumePool
    ok 9 - the pause is on disk: a fresh loop stays paused until resumePool
      ---
      duration_ms: 567.999533
      type: 'test'
      ...
    # Subtest: the pause file is in the store's git contract, like pool.pid
    ok 10 - the pause file is in the store's git contract, like pool.pid
      ---
      duration_ms: 0.95638
      type: 'test'
      ...
    1..10
ok 332 - TM-175 brakes — the pool pauses instead of burning the queue
  ---
  duration_ms: 5867.460355
  type: 'suite'
  ...
# Subtest: TM-175 — worker_overrun
    # Subtest: collect logs worker_overrun once for a pending worker past maxRuntimeMinutes, and does not park it
    ok 1 - collect logs worker_overrun once for a pending worker past maxRuntimeMinutes, and does not park it
      ---
      duration_ms: 303.403461
      type: 'test'
      ...
    1..1
ok 333 - TM-175 — worker_overrun
  ---
  duration_ms: 303.480063
  type: 'suite'
  ...
# Subtest: tm why answers the readiness question
    # Subtest: says a complete task is ready, without becoming a reason it cannot be started
    ok 1 - says a complete task is ready, without becoming a reason it cannot be started
      ---
      duration_ms: 58.639219
      type: 'test'
      ...
    # Subtest: names what is missing when an agent could not take it
    ok 2 - names what is missing when an agent could not take it
      ---
      duration_ms: 54.956145
      type: 'test'
      ...
    # Subtest: reports a person's veto as a person's, not as a gap
    ok 3 - reports a person's veto as a person's, not as a gap
      ---
      duration_ms: 108.655985
      type: 'test'
      ...
    # Subtest: says nothing about readiness once the task is resolved
    ok 4 - says nothing about readiness once the task is resolved
      ---
      duration_ms: 77.367226
      type: 'test'
      ...
    1..4
ok 334 - tm why answers the readiness question
  ---
  duration_ms: 301.1743
  type: 'suite'
  ...
# Subtest: GET /api/pool
    # Subtest: returns exactly what tm pool status prints
    ok 1 - returns exactly what tm pool status prints
      ---
      duration_ms: 46.118735
      type: 'test'
      ...
    # Subtest: reports the off switch and the queue without starting anything
    ok 2 - reports the off switch and the queue without starting anything
      ---
      duration_ms: 56.427857
      type: 'test'
      ...
    1..2
ok 335 - GET /api/pool
  ---
  duration_ms: 104.302952
  type: 'suite'
  ...
# Subtest: TM-450 pool wait ends
    # Subtest: --until done returns at once, not ok, when the task is parked
    ok 1 - --until done returns at once, not ok, when the task is parked
      ---
      duration_ms: 97.009966
      type: 'test'
      ...
    # Subtest: --until done returns at once, not ok, when the task is blocked
    ok 2 - --until done returns at once, not ok, when the task is blocked
      ---
      duration_ms: 89.824196
      type: 'test'
      ...
    # Subtest: --until idle holds while the pool is paused with ready work, and not before
    ok 3 - --until idle holds while the pool is paused with ready work, and not before
      ---
      duration_ms: 43.236111
      type: 'test'
      ...
    1..3
ok 336 - TM-450 pool wait ends
  ---
  duration_ms: 231.30188
  type: 'suite'
  ...
# Subtest: a wake file ends the pool's 30s sleep within seconds, and is consumed
ok 337 - a wake file ends the pool's 30s sleep within seconds, and is consumed
  ---
  duration_ms: 1012.102124
  type: 'test'
  ...
# Subtest: poolable
    # Subtest: is the ready-for-agent, unclaimed, unblocked queue in queue order
    ok 1 - is the ready-for-agent, unclaimed, unblocked queue in queue order
      ---
      duration_ms: 413.200364
      type: 'test'
      ...
    # Subtest: keeps queue order when several tasks qualify
    ok 2 - keeps queue order when several tasks qualify
      ---
      duration_ms: 236.855821
      type: 'test'
      ...
    1..2
ok 338 - poolable
  ---
  duration_ms: 651.424025
  type: 'suite'
  ...
# Subtest: poolTick — capacity
    # Subtest: dispatches up to dispatch.poolWip and skips the rest with a reason
    ok 1 - dispatches up to dispatch.poolWip and skips the rest with a reason
      ---
      duration_ms: 857.214294
      type: 'test'
      ...
    # Subtest: counts in_progress dispatched tasks against poolWip, not registry entries (TM-175)
    ok 2 - counts in_progress dispatched tasks against poolWip, not registry entries (TM-175)
      ---
      duration_ms: 798.604805
      type: 'test'
      ...
    1..2
ok 339 - poolTick — capacity
  ---
  duration_ms: 1656.132164
  type: 'suite'
  ...
# Subtest: poolTick — touches discipline
    # Subtest: never dispatches two tasks that collide on touches in one tick
    ok 1 - never dispatches two tasks that collide on touches in one tick
      ---
      duration_ms: 587.466147
      type: 'test'
      ...
    1..1
ok 340 - poolTick — touches discipline
  ---
  duration_ms: 587.66843
  type: 'suite'
  ...
# Subtest: poolTick — kill-switches fire before any work
    # Subtest: TM_ENFORCE=off disables the tick
    ok 1 - TM_ENFORCE=off disables the tick
      ---
      duration_ms: 86.891802
      type: 'test'
      ...
    # Subtest: config dispatch.enabled=false disables the tick
    ok 2 - config dispatch.enabled=false disables the tick
      ---
      duration_ms: 75.129994
      type: 'test'
      ...
    1..2
ok 341 - poolTick — kill-switches fire before any work
  ---
  duration_ms: 162.499433
  type: 'suite'
  ...
# Subtest: poolTick — failure isolation
    # Subtest: one task's dispatch failure lands in skipped; the others still dispatch
    ok 1 - one task's dispatch failure lands in skipped; the others still dispatch
      ---
      duration_ms: 440.505209
      type: 'test'
      ...
    1..1
ok 342 - poolTick — failure isolation
  ---
  duration_ms: 440.621466
  type: 'suite'
  ...
# Subtest: poolTick — collect before dispatch
    # Subtest: collects a finished worker, freeing its capacity for the same tick
    ok 1 - collects a finished worker, freeing its capacity for the same tick
      ---
      duration_ms: 701.4333
      type: 'test'
      ...
    1..1
ok 343 - poolTick — collect before dispatch
  ---
  duration_ms: 701.674423
  type: 'suite'
  ...
# Subtest: poolTick — dry run
    # Subtest: reports what would dispatch and changes nothing
    ok 1 - reports what would dispatch and changes nothing
      ---
      duration_ms: 79.83434
      type: 'test'
      ...
    1..1
ok 344 - poolTick — dry run
  ---
  duration_ms: 79.98451
  type: 'suite'
  ...
# Subtest: pool.pid — one loop per store
    # Subtest: runPool refuses to start over a live pid file
    ok 1 - runPool refuses to start over a live pid file
      ---
      duration_ms: 4.400832
      type: 'test'
      ...
    # Subtest: a pid file owned by another store is not this store's pool
    ok 2 - a pid file owned by another store is not this store's pool
      ---
      duration_ms: 1.098252
      type: 'test'
      ...
    # Subtest: dispatch.enabled false: no loop, no pid file (on is the default, TM-178)
    ok 3 - dispatch.enabled false: no loop, no pid file (on is the default, TM-178)
      ---
      duration_ms: 0.966284
      type: 'test'
      ...
    # Subtest: pool.pid is in the store's git contract, like agents.json
    ok 4 - pool.pid is in the store's git contract, like agents.json
      ---
      duration_ms: 0.948764
      type: 'test'
      ...
    1..4
ok 345 - pool.pid — one loop per store
  ---
  duration_ms: 7.624176
  type: 'suite'
  ...
# Subtest: claim renewal for live workers (TM-362)
    # Subtest: the pool tick renews a live worker's claim past the expiry, with no dispatching process
    ok 1 - the pool tick renews a live worker's claim past the expiry, with no dispatching process
      ---
      duration_ms: 382.725987
      type: 'test'
      ...
    # Subtest: a dead worker's claim is not renewed
    ok 2 - a dead worker's claim is not renewed
      ---
      duration_ms: 754.297697
      type: 'test'
      ...
    # Subtest: renewLiveClaims (tm claim renew --live) renews only the proven-alive worker
    ok 3 - renewLiveClaims (tm claim renew --live) renews only the proven-alive worker
      ---
      duration_ms: 703.172411
      type: 'test'
      ...
    1..3
ok 346 - claim renewal for live workers (TM-362)
  ---
  duration_ms: 1840.386317
  type: 'suite'
  ...
# Subtest: poolTick — bounded retry with backoff (TM-363)
    # Subtest: a task-scoped worker failure waits out its backoff, then the pool re-dispatches it
    ok 1 - a task-scoped worker failure waits out its backoff, then the pool re-dispatches it
      ---
      duration_ms: 564.152726
      type: 'test'
      ...
    # Subtest: a system-scoped worker failure parks and still counts toward the pool pause
    ok 2 - a system-scoped worker failure parks and still counts toward the pool pause
      ---
      duration_ms: 391.377121
      type: 'test'
      ...
    1..2
ok 347 - poolTick — bounded retry with backoff (TM-363)
  ---
  duration_ms: 955.663616
  type: 'suite'
  ...
# Subtest: poolTick — expedite lane (TM-358)
    # Subtest: a highest-priority ready task dispatches on the next tick even when poolWip is full
    ok 1 - a highest-priority ready task dispatches on the next tick even when poolWip is full
      ---
      duration_ms: 335.149108
      type: 'test'
      ...
    # Subtest: a high task needs the expedite label; without it the normal lane applies
    ok 2 - a high task needs the expedite label; without it the normal lane applies
      ---
      duration_ms: 339.760075
      type: 'test'
      ...
    # Subtest: dispatch.expediteWip caps concurrent expedited workers; the overflow falls back to the normal lane
    ok 3 - dispatch.expediteWip caps concurrent expedited workers; the overflow falls back to the normal lane
      ---
      duration_ms: 521.599035
      type: 'test'
      ...
    # Subtest: skips touches-disjoint batching but never a path a running or just-dispatched task holds
    ok 4 - skips touches-disjoint batching but never a path a running or just-dispatched task holds
      ---
      duration_ms: 372.187371
      type: 'test'
      ...
    # Subtest: an expedited task that collides only in batching still dispatches
    ok 5 - an expedited task that collides only in batching still dispatches
      ---
      duration_ms: 340.352504
      type: 'test'
      ...
    # Subtest: normal-priority behaviour is unchanged: no expedite flag, poolWip caps, batching applies
    ok 6 - normal-priority behaviour is unchanged: no expedite flag, poolWip caps, batching applies
      ---
      duration_ms: 536.912942
      type: 'test'
      ...
    1..6
ok 348 - poolTick — expedite lane (TM-358)
  ---
  duration_ms: 2446.334665
  type: 'suite'
  ...
# Subtest: projectName
    # Subtest: titlecases the repo directory
    ok 1 - titlecases the repo directory
      ---
      duration_ms: 3.972114
      type: 'test'
      ...
    # Subtest: treats underscores, dots and spaces as separators too
    ok 2 - treats underscores, dots and spaces as separators too
      ---
      duration_ms: 0.357578
      type: 'test'
      ...
    # Subtest: leaves a word that is already mixed case alone
    ok 3 - leaves a word that is already mixed case alone
      ---
      duration_ms: 0.335706
      type: 'test'
      ...
    # Subtest: falls back to the plugin's own name when there is no root
    ok 4 - falls back to the plugin's own name when there is no root
      ---
      duration_ms: 0.18218
      type: 'test'
      ...
    1..4
ok 349 - projectName
  ---
  duration_ms: 9.560186
  type: 'suite'
  ...
# Subtest: every category has a human-readable label
ok 350 - every category has a human-readable label
  ---
  duration_ms: 3.765311
  type: 'test'
  ...
# Subtest: a watched task moving to blocked notifies
ok 351 - a watched task moving to blocked notifies
  ---
  duration_ms: 0.685875
  type: 'test'
  ...
# Subtest: an unwatched task moving to blocked does not notify
ok 352 - an unwatched task moving to blocked does not notify
  ---
  duration_ms: 0.169731
  type: 'test'
  ...
# Subtest: a watched task moving to any other status does not notify
ok 353 - a watched task moving to any other status does not notify
  ---
  duration_ms: 0.159446
  type: 'test'
  ...
# Subtest: a stolen claim on a watched task notifies
ok 354 - a stolen claim on a watched task notifies
  ---
  duration_ms: 0.295596
  type: 'test'
  ...
# Subtest: a gate refusal notifies regardless of what is watched
ok 355 - a gate refusal notifies regardless of what is watched
  ---
  duration_ms: 0.188423
  type: 'test'
  ...
# Subtest: the stop gate counts as a gate refusal
ok 356 - the stop gate counts as a gate refusal
  ---
  duration_ms: 0.233562
  type: 'test'
  ...
# Subtest: an epic auto-close notifies
ok 357 - an epic auto-close notifies
  ---
  duration_ms: 0.174054
  type: 'test'
  ...
# Subtest: a task assigned to me notifies
ok 358 - a task assigned to me notifies
  ---
  duration_ms: 0.420315
  type: 'test'
  ...
# Subtest: a watched task assigned away from me notifies
ok 359 - a watched task assigned away from me notifies
  ---
  duration_ms: 0.494009
  type: 'test'
  ...
# Subtest: an assignment between two other people is not my business
ok 360 - an assignment between two other people is not my business
  ---
  duration_ms: 0.210723
  type: 'test'
  ...
# Subtest: with no identity set, assignment notifications stay quiet
ok 361 - with no identity set, assignment notifications stay quiet
  ---
  duration_ms: 0.145768
  type: 'test'
  ...
# Subtest: a disabled category never fires
ok 362 - a disabled category never fires
  ---
  duration_ms: 0.159446
  type: 'test'
  ...
# Subtest: uninteresting events are ignored
ok 363 - uninteresting events are ignored
  ---
  duration_ms: 0.15271
  type: 'test'
  ...
# Subtest: a change this tab just made does not notify itself
ok 364 - a change this tab just made does not notify itself
  ---
  duration_ms: 0.208392
  type: 'test'
  ...
# Subtest: self-suppression expires, so a later change by someone else still fires
ok 365 - self-suppression expires, so a later change by someone else still fires
  ---
  duration_ms: 0.136921
  type: 'test'
  ...
# Subtest: self-suppression is per task
ok 366 - self-suppression is per task
  ---
  duration_ms: 0.119114
  type: 'test'
  ...
# Subtest: recordSelfWrite drops entries that can no longer suppress anything
ok 367 - recordSelfWrite drops entries that can no longer suppress anything
  ---
  duration_ms: 0.215472
  type: 'test'
  ...
# Subtest: notifications carry a tag so repeats replace rather than stack
ok 368 - notifications carry a tag so repeats replace rather than stack
  ---
  duration_ms: 0.196903
  type: 'test'
  ...
# Subtest: queued writes replay in order, through the url they were queued against
ok 369 - queued writes replay in order, through the url they were queued against
  ---
  duration_ms: 4.040553
  type: 'test'
  ...
# Subtest: a refused replay is surfaced, not dropped
ok 370 - a refused replay is surfaced, not dropped
  ---
  duration_ms: 1.343333
  type: 'test'
  ...
# Subtest: a refused write is not retried until the user asks
ok 371 - a refused write is not retried until the user asks
  ---
  duration_ms: 0.383591
  type: 'test'
  ...
# Subtest: a server that is still down stops the drain with the queue intact
ok 372 - a server that is still down stops the drain with the queue intact
  ---
  duration_ms: 4.150337
  type: 'test'
  ...
# Subtest: subscribers see every change to the queue
ok 373 - subscribers see every change to the queue
  ---
  duration_ms: 0.616163
  type: 'test'
  ...
# Subtest: a write's task id comes out of its url
ok 374 - a write's task id comes out of its url
  ---
  duration_ms: 3.248079
  type: 'test'
  ...
# Subtest: enqueue stamps an entry with an id, a time and queued status
ok 375 - enqueue stamps an entry with an id, a time and queued status
  ---
  duration_ms: 0.566801
  type: 'test'
  ...
# Subtest: entries replay oldest first
ok 376 - entries replay oldest first
  ---
  duration_ms: 1.099462
  type: 'test'
  ...
# Subtest: a later transition on the same task supersedes the earlier one
ok 377 - a later transition on the same task supersedes the earlier one
  ---
  duration_ms: 0.407357
  type: 'test'
  ...
# Subtest: coalescing is per task and per action
ok 378 - coalescing is per task and per action
  ---
  duration_ms: 0.339933
  type: 'test'
  ...
# Subtest: comments and acceptance criteria accumulate — each one is its own fact
ok 379 - comments and acceptance criteria accumulate — each one is its own fact
  ---
  duration_ms: 0.216532
  type: 'test'
  ...
# Subtest: a failed entry is not superseded silently — the refusal stays visible
ok 380 - a failed entry is not superseded silently — the refusal stays visible
  ---
  duration_ms: 0.451848
  type: 'test'
  ...
# Subtest: a successful replay removes the entry
ok 381 - a successful replay removes the entry
  ---
  duration_ms: 0.1923
  type: 'test'
  ...
# Subtest: a server refusal marks the entry failed and keeps the reason
ok 382 - a server refusal marks the entry failed and keeps the reason
  ---
  duration_ms: 0.400796
  type: 'test'
  ...
# Subtest: a failed entry does not replay again
ok 383 - a failed entry does not replay again
  ---
  duration_ms: 0.487467
  type: 'test'
  ...
# Subtest: a write that never reached the server stays queued for the next attempt
ok 384 - a write that never reached the server stays queued for the next attempt
  ---
  duration_ms: 0.247074
  type: 'test'
  ...
# Subtest: applyResult on an unknown key changes nothing
ok 385 - applyResult on an unknown key changes nothing
  ---
  duration_ms: 0.144409
  type: 'test'
  ...
# Subtest: pending() reports per-task state for the cards
ok 386 - pending() reports per-task state for the cards
  ---
  duration_ms: 0.233092
  type: 'test'
  ...
# Subtest: a failure outranks a queued write on the same card
ok 387 - a failure outranks a queued write on the same card
  ---
  duration_ms: 0.146587
  type: 'test'
  ...
# Subtest: parseQuery
    # Subtest: keeps bare words as the text needle
    ok 1 - keeps bare words as the text needle
      ---
      duration_ms: 2.31793
      type: 'test'
      ...
    # Subtest: reads a field:value token
    ok 2 - reads a field:value token
      ---
      duration_ms: 0.230838
      type: 'test'
      ...
    # Subtest: reads a leading - as negation, the convention tm label and tm dep already use
    ok 3 - reads a leading - as negation, the convention tm label and tm dep already use
      ---
      duration_ms: 0.312002
      type: 'test'
      ...
    # Subtest: mixes words and filters in any order
    ok 4 - mixes words and filters in any order
      ---
      duration_ms: 0.351697
      type: 'test'
      ...
    # Subtest: refuses an unknown field instead of quietly searching for the text
    ok 5 - refuses an unknown field instead of quietly searching for the text
      ---
      duration_ms: 0.580654
      type: 'test'
      ...
    # Subtest: leaves a url as a search term
    ok 6 - leaves a url as a search term
      ---
      duration_ms: 0.25883
      type: 'test'
      ...
    1..6
ok 388 - parseQuery
  ---
  duration_ms: 5.272803
  type: 'suite'
  ...
# Subtest: matching
    # Subtest: matches a scalar field exactly, not as a substring
    ok 1 - matches a scalar field exactly, not as a substring
      ---
      duration_ms: 0.552511
      type: 'test'
      ...
    # Subtest: is case-insensitive on the value
    ok 2 - is case-insensitive on the value
      ---
      duration_ms: 0.325431
      type: 'test'
      ...
    # Subtest: treats label as membership
    ok 3 - treats label as membership
      ---
      duration_ms: 0.321565
      type: 'test'
      ...
    # Subtest: ANDs every filter, including a repeated key
    ok 4 - ANDs every filter, including a repeated key
      ---
      duration_ms: 0.400983
      type: 'test'
      ...
    # Subtest: negates
    ok 5 - negates
      ---
      duration_ms: 0.253737
      type: 'test'
      ...
    # Subtest: does not match a field the document has not set
    ok 6 - does not match a field the document has not set
      ---
      duration_ms: 0.116236
      type: 'test'
      ...
    # Subtest: reads a bare field: as 'is set at all', which negation then makes useful
    ok 7 - reads a bare field: as 'is set at all', which negation then makes useful
      ---
      duration_ms: 0.100263
      type: 'test'
      ...
    # Subtest: searches title and body for bare words, and not labels
    ok 8 - searches title and body for bare words, and not labels
      ---
      duration_ms: 0.231462
      type: 'test'
      ...
    # Subtest: combines the text half with the filter half
    ok 9 - combines the text half with the filter half
      ---
      duration_ms: 0.134679
      type: 'test'
      ...
    # Subtest: matches everything when given nothing, as find always did
    ok 10 - matches everything when given nothing, as find always did
      ---
      duration_ms: 0.079374
      type: 'test'
      ...
    1..10
ok 389 - matching
  ---
  duration_ms: 4.806492
  type: 'suite'
  ...
# Subtest: describeQuery
    # Subtest: says what was searched, so a no-match explains itself
    ok 1 - says what was searched, so a no-match explains itself
      ---
      duration_ms: 0.300277
      type: 'test'
      ...
    1..1
ok 390 - describeQuery
  ---
  duration_ms: 0.387619
  type: 'suite'
  ...
# Subtest: the browser and the terminal ask the same questions
    # Subtest: covers every field the dashboard filters on
    ok 1 - covers every field the dashboard filters on
      ---
      duration_ms: 0.766767
      type: 'test'
      ...
    # Subtest: exposes the field list for the help text, so the two cannot disagree
    ok 2 - exposes the field list for the help text, so the two cannot disagree
      ---
      duration_ms: 0.111864
      type: 'test'
      ...
    1..2
ok 391 - the browser and the terminal ask the same questions
  ---
  duration_ms: 0.979461
  type: 'suite'
  ...
# Subtest: priority, where nothing is ranked
    # Subtest: puts the urgent one first even though its id is last
    ok 1 - puts the urgent one first even though its id is last
      ---
      duration_ms: 1.50352
      type: 'test'
      ...
    # Subtest: orders the whole ladder
    ok 2 - orders the whole ladder
      ---
      duration_ms: 0.345852
      type: 'test'
      ...
    # Subtest: reads an unset priority as medium rather than as urgent or as last
    ok 3 - reads an unset priority as medium rather than as urgent or as last
      ---
      duration_ms: 3.589442
      type: 'test'
      ...
    # Subtest: ignores a priority that is not in the vocabulary
    ok 4 - ignores a priority that is not in the vocabulary
      ---
      duration_ms: 0.208318
      type: 'test'
      ...
    1..4
ok 392 - priority, where nothing is ranked
  ---
  duration_ms: 7.474378
  type: 'suite'
  ...
# Subtest: rank
    # Subtest: beats priority, because a rank is a deliberate placement and a priority is a label
    ok 1 - beats priority, because a rank is a deliberate placement and a priority is a label
      ---
      duration_ms: 0.316179
      type: 'test'
      ...
    # Subtest: puts everything ranked ahead of everything unranked
    ok 2 - puts everything ranked ahead of everything unranked
      ---
      duration_ms: 0.189794
      type: 'test'
      ...
    # Subtest: orders the ranked among themselves by rank, and falls back to priority only inside a tie
    ok 3 - orders the ranked among themselves by rank, and falls back to priority only inside a tie
      ---
      duration_ms: 0.353085
      type: 'test'
      ...
    # Subtest: handles the fractional ranks that placing a card between two others produces
    ok 4 - handles the fractional ranks that placing a card between two others produces
      ---
      duration_ms: 0.272395
      type: 'test'
      ...
    # Subtest: does not read rank 0 as absent
    ok 5 - does not read rank 0 as absent
      ---
      duration_ms: 0.421802
      type: 'test'
      ...
    1..5
ok 393 - rank
  ---
  duration_ms: 4.499447
  type: 'suite'
  ...
# Subtest: the order is total
    # Subtest: breaks a full tie on id, so the same board never renders two ways
    ok 1 - breaks a full tie on id, so the same board never renders two ways
      ---
      duration_ms: 10.756078
      type: 'test'
      ...
    # Subtest: gives the same answer whichever order it is handed
    ok 2 - gives the same answer whichever order it is handed
      ---
      duration_ms: 0.22573
      type: 'test'
      ...
    # Subtest: does not mutate what it was given
    ok 3 - does not mutate what it was given
      ---
      duration_ms: 0.125648
      type: 'test'
      ...
    1..3
ok 394 - the order is total
  ---
  duration_ms: 11.279051
  type: 'suite'
  ...
# Subtest: nextTasks
    # Subtest: hands its five callers the order without any of them asking
    ok 1 - hands its five callers the order without any of them asking
      ---
      duration_ms: 134.740515
      type: 'test'
      ...
    # Subtest: follows a task that gets re-prioritised
    ok 2 - follows a task that gets re-prioritised
      ---
      duration_ms: 160.5665
      type: 'test'
      ...
    1..2
ok 395 - nextTasks
  ---
  duration_ms: 295.531392
  type: 'suite'
  ...
# Subtest: leaving done
    # Subtest: drops the closed date, so exports stop dating open work
    ok 1 - drops the closed date, so exports stop dating open work
      ---
      duration_ms: 175.39244
      type: 'test'
      ...
    # Subtest: clears it for every status out of done, not just in_progress
    ok 2 - clears it for every status out of done, not just in_progress
      ---
      duration_ms: 678.287311
      type: 'test'
      ...
    # Subtest: reopens the epic that closed behind it
    ok 3 - reopens the epic that closed behind it
      ---
      duration_ms: 164.631464
      type: 'test'
      ...
    # Subtest: leaves a done task alone when the patch is not a status change
    ok 4 - leaves a done task alone when the patch is not a status change
      ---
      duration_ms: 107.873146
      type: 'test'
      ...
    # Subtest: does not fire when a task moves between two resolved states
    ok 5 - does not fire when a task moves between two resolved states
      ---
      duration_ms: 98.074422
      type: 'test'
      ...
    # Subtest: does not recurse: the epic's own reopen is not treated as a task reopen
    ok 6 - does not recurse: the epic's own reopen is not treated as a task reopen
      ---
      duration_ms: 121.920709
      type: 'test'
      ...
    # Subtest: respects autoCloseEpics: false — a team that does not want auto-close does not want auto-reopen
    ok 7 - respects autoCloseEpics: false — a team that does not want auto-close does not want auto-reopen
      ---
      duration_ms: 117.358311
      type: 'test'
      ...
    1..7
ok 396 - leaving done
  ---
  duration_ms: 1465.163518
  type: 'suite'
  ...
# Subtest: the active epic
    # Subtest: is cleared when the epic auto-closes, so nothing files into a closed epic
    ok 1 - is cleared when the epic auto-closes, so nothing files into a closed epic
      ---
      duration_ms: 87.197806
      type: 'test'
      ...
    # Subtest: leaves a different active epic alone
    ok 2 - leaves a different active epic alone
      ---
      duration_ms: 127.596403
      type: 'test'
      ...
    1..2
ok 397 - the active epic
  ---
  duration_ms: 215.390219
  type: 'suite'
  ...
# Subtest: reopenEpic
    # Subtest: refuses an epic that is not done
    ok 1 - refuses an epic that is not done
      ---
      duration_ms: 33.121766
      type: 'test'
      ...
    # Subtest: refuses an epic that does not exist
    ok 2 - refuses an epic that does not exist
      ---
      duration_ms: 5.789735
      type: 'test'
      ...
    1..2
ok 398 - reopenEpic
  ---
  duration_ms: 39.144353
  type: 'suite'
  ...
# Subtest: the CSV a Jira import would read
    # Subtest: leaves Resolved empty once the task is reopened
    ok 1 - leaves Resolved empty once the task is reopened
      ---
      duration_ms: 148.286847
      type: 'test'
      ...
    1..1
ok 399 - the CSV a Jira import would read
  ---
  duration_ms: 148.417863
  type: 'suite'
  ...
# Subtest: doctor catches what a hand edit or a merge leaves
    # Subtest: reports a done epic holding live children
    ok 1 - reports a done epic holding live children
      ---
      duration_ms: 260.437978
      type: 'test'
      ...
    # Subtest: reports a closed date on open work, and drops it
    ok 2 - reports a closed date on open work, and drops it
      ---
      duration_ms: 190.087318
      type: 'test'
      ...
    # Subtest: says nothing about a legitimately closed epic
    ok 3 - says nothing about a legitimately closed epic
      ---
      duration_ms: 118.594242
      type: 'test'
      ...
    # Subtest: says nothing about a closed date on a done task
    ok 4 - says nothing about a closed date on a done task
      ---
      duration_ms: 107.842147
      type: 'test'
      ...
    1..4
ok 400 - doctor catches what a hand edit or a merge leaves
  ---
  duration_ms: 677.305606
  type: 'suite'
  ...
# Subtest: what is committed
    # Subtest: does not track anything that npm installs
    ok 1 - does not track anything that npm installs
      ---
      duration_ms: 14.732505
      type: 'test'
      ...
    # Subtest: dashboard/.gitignore names node_modules without a trailing slash, and Vite leftovers
    ok 2 - dashboard/.gitignore names node_modules without a trailing slash, and Vite leftovers
      ---
      duration_ms: 0.597361
      type: 'test'
      ...
    # Subtest: does not track a symlink to an absolute path
    ok 3 - does not track a symlink to an absolute path
      ---
      duration_ms: 6.142031
      type: 'test'
      ...
    1..3
ok 401 - what is committed
  ---
  duration_ms: 22.7945
  type: 'suite'
  ...
# Subtest: the capability declaration
    # Subtest: declares resources, or the client never asks for them
    ok 1 - declares resources, or the client never asks for them
      ---
      duration_ms: 3.470371
      type: 'test'
      ...
    # Subtest: declares tools too, which was missing entirely
    ok 2 - declares tools too, which was missing entirely
      ---
      duration_ms: 5.303588
      type: 'test'
      ...
    # Subtest: declares neither subscribe nor listChanged, because neither is implemented
    ok 3 - declares neither subscribe nor listChanged, because neither is implemented
      ---
      duration_ms: 4.550266
      type: 'test'
      ...
    1..3
ok 402 - the capability declaration
  ---
  duration_ms: 14.378939
  type: 'suite'
  ...
# Subtest: resources/list
    # Subtest: offers the standing views
    ok 1 - offers the standing views
      ---
      duration_ms: 273.196486
      type: 'test'
      ...
    # Subtest: offers only computed views, never an alias for a file on disk
    ok 2 - offers only computed views, never an alias for a file on disk
      ---
      duration_ms: 211.61345
      type: 'test'
      ...
    # Subtest: does not offer a third view of the rows board and session already carry
    ok 3 - does not offer a third view of the rows board and session already carry
      ---
      duration_ms: 211.704057
      type: 'test'
      ...
    # Subtest: carries exactly the four fields protocol 2024-11-05 defines
    ok 4 - carries exactly the four fields protocol 2024-11-05 defines
      ---
      duration_ms: 195.886008
      type: 'test'
      ...
    # Subtest: keeps ids in the path, never the authority
    ok 5 - keeps ids in the path, never the authority
      ---
      duration_ms: 170.284542
      type: 'test'
      ...
    # Subtest: emits no duplicate uri, which would make one resource unreachable
    ok 6 - emits no duplicate uri, which would make one resource unreachable
      ---
      duration_ms: 144.695437
      type: 'test'
      ...
    # Subtest: enumerates work in flight and startable work, not finished work
    ok 7 - enumerates work in flight and startable work, not finished work
      ---
      duration_ms: 257.451801
      type: 'test'
      ...
    # Subtest: caps enumeration so the picker stays usable
    ok 8 - caps enumeration so the picker stays usable
      ---
      duration_ms: 1147.459837
      type: 'test'
      ...
    # Subtest: returns an empty list rather than throwing when there is no store
    ok 9 - returns an empty list rather than throwing when there is no store
      ---
      duration_ms: 0.284296
      type: 'test'
      ...
    1..9
ok 403 - resources/list
  ---
  duration_ms: 2613.554602
  type: 'suite'
  ...
# Subtest: resources/read
    # Subtest: returns `contents` — plural — because `content` is the tools/call key
    ok 1 - returns `contents` — plural — because `content` is the tools/call key
      ---
      duration_ms: 110.238724
      type: 'test'
      ...
    # Subtest: echoes the requested uri verbatim in the entry
    ok 2 - echoes the requested uri verbatim in the entry
      ---
      duration_ms: 106.18014
      type: 'test'
      ...
    # Subtest: renders the board from the same function the CLI uses
    ok 3 - renders the board from the same function the CLI uses
      ---
      duration_ms: 110.545163
      type: 'test'
      ...
    # Subtest: renders a task's handoff brief
    ok 4 - renders a task's handoff brief
      ---
      duration_ms: 105.639082
      type: 'test'
      ...
    # Subtest: walks the blocked report to the root of each chain
    ok 5 - walks the blocked report to the root of each chain
      ---
      duration_ms: 107.876026
      type: 'test'
      ...
    # Subtest: says so plainly when nothing is blocked
    ok 6 - says so plainly when nothing is blocked
      ---
      duration_ms: 21.672483
      type: 'test'
      ...
    # Subtest: fences the graph so it renders as Mermaid
    ok 7 - fences the graph so it renders as Mermaid
      ---
      duration_ms: 107.074808
      type: 'test'
      ...
    # Subtest: reads a handoff that was never listed — the picker is bounded, the capability is not
    ok 8 - reads a handoff that was never listed — the picker is bounded, the capability is not
      ---
      duration_ms: 107.47939
      type: 'test'
      ...
    # Subtest: renders the session brief, the one view compaction destroys and no tool rebuilds
    ok 9 - renders the session brief, the one view compaction destroys and no tool rebuilds
      ---
      duration_ms: 112.988073
      type: 'test'
      ...
    # Subtest: says something rather than nothing when the store is empty
    ok 10 - says something rather than nothing when the store is empty
      ---
      duration_ms: 0.644595
      type: 'test'
      ...
    # Subtest: truncates loudly rather than dropping an unbounded payload into context
    ok 11 - truncates loudly rather than dropping an unbounded payload into context
      ---
      duration_ms: 23.777529
      type: 'test'
      ...
    # Subtest: answers -32002 for an unknown resource, not -32601
    ok 12 - answers -32002 for an unknown resource, not -32601
      ---
      duration_ms: 159.539462
      type: 'test'
      ...
    # Subtest: answers -32002 for a uri in another scheme
    ok 13 - answers -32002 for a uri in another scheme
      ---
      duration_ms: 112.344493
      type: 'test'
      ...
    # Subtest: answers -32002 for a missing uri parameter
    ok 14 - answers -32002 for a missing uri parameter
      ---
      duration_ms: 111.415078
      type: 'test'
      ...
    # Subtest: returns null from readResource for an unknown uri rather than inventing a success
    ok 15 - returns null from readResource for an unknown uri rather than inventing a success
      ---
      duration_ms: 101.918976
      type: 'test'
      ...
    # Subtest: every listed resource is readable — a listing you cannot read is worse than no listing
    ok 16 - every listed resource is readable — a listing you cannot read is worse than no listing
      ---
      duration_ms: 114.736308
      type: 'test'
      ...
    1..16
ok 404 - resources/read
  ---
  duration_ms: 1514.979445
  type: 'suite'
  ...
# Subtest: the method still behaves like the rest of the protocol
    # Subtest: keeps handleRequest pure — no process, no stdout
    ok 1 - keeps handleRequest pure — no process, no stdout
      ---
      duration_ms: 107.23905
      type: 'test'
      ...
    # Subtest: leaves genuinely unknown methods as -32601
    ok 2 - leaves genuinely unknown methods as -32601
      ---
      duration_ms: 0.728842
      type: 'test'
      ...
    1..2
ok 405 - the method still behaves like the rest of the protocol
  ---
  duration_ms: 108.116604
  type: 'suite'
  ...
# Subtest: recordResult — the done report must be true
    # Subtest: records a genuine done: the worker closed through the gates
    ok 1 - records a genuine done: the worker closed through the gates
      ---
      duration_ms: 141.182136
      type: 'test'
      ...
    # Subtest: downgrades a done report when the task is not done — the AC gate is the gate
    ok 2 - downgrades a done report when the task is not done — the AC gate is the gate
      ---
      duration_ms: 166.384462
      type: 'test'
      ...
    1..2
ok 406 - recordResult — the done report must be true
  ---
  duration_ms: 308.574549
  type: 'suite'
  ...
# Subtest: recordResult — blocked and failed park, never strand
    # Subtest: blocked parks with the summary as the reason and releases the claim
    ok 1 - blocked parks with the summary as the reason and releases the claim
      ---
      duration_ms: 159.179512
      type: 'test'
      ...
    # Subtest: failed parks the same way, with a fallback reason when the summary is empty
    ok 2 - failed parks the same way, with a fallback reason when the summary is empty
      ---
      duration_ms: 135.325487
      type: 'test'
      ...
    # Subtest: does not re-park a task that already left in_progress
    ok 3 - does not re-park a task that already left in_progress
      ---
      duration_ms: 133.043861
      type: 'test'
      ...
    1..3
ok 407 - recordResult — blocked and failed park, never strand
  ---
  duration_ms: 427.986937
  type: 'suite'
  ...
# Subtest: recordResult — refusals and garbage
    # Subtest: refuses a task that does not exist
    ok 1 - refuses a task that does not exist
      ---
      duration_ms: 1.747562
      type: 'test'
      ...
    # Subtest: refuses a task that was never dispatched
    ok 2 - refuses a task that was never dispatched
      ---
      duration_ms: 44.958302
      type: 'test'
      ...
    # Subtest: refuses an outcome it does not know, changing nothing
    ok 3 - refuses an outcome it does not know, changing nothing
      ---
      duration_ms: 73.884501
      type: 'test'
      ...
    # Subtest: never throws, on any garbage
    ok 4 - never throws, on any garbage
      ---
      duration_ms: 3.009424
      type: 'test'
      ...
    1..4
ok 408 - recordResult — refusals and garbage
  ---
  duration_ms: 124.388896
  type: 'suite'
  ...
# Subtest: collectTmux — the session is the liveness signal
    # Subtest: asks argv-only, and a live session means pending — nothing to record
    ok 1 - asks argv-only, and a live session means pending — nothing to record
      ---
      duration_ms: 81.002502
      type: 'test'
      ...
    # Subtest: session gone + task done = done
    ok 2 - session gone + task done = done
      ---
      duration_ms: 111.827918
      type: 'test'
      ...
    # Subtest: session gone + still in_progress = the worker walked away
    ok 3 - session gone + still in_progress = the worker walked away
      ---
      duration_ms: 108.851978
      type: 'test'
      ...
    # Subtest: session gone + uncommitted work = the dirty paths are in the reason (TM-246)
    ok 4 - session gone + uncommitted work = the dirty paths are in the reason (TM-246)
      ---
      duration_ms: 150.154387
      type: 'test'
      ...
    # Subtest: session gone + clean worktree = the reason stays as it was
    ok 5 - session gone + clean worktree = the reason stays as it was
      ---
      duration_ms: 149.85865
      type: 'test'
      ...
    # Subtest: a tmux that cannot run is a reason, not a throw
    ok 6 - a tmux that cannot run is a reason, not a throw
      ---
      duration_ms: 57.121433
      type: 'test'
      ...
    1..6
ok 409 - collectTmux — the session is the liveness signal
  ---
  duration_ms: 659.39618
  type: 'suite'
  ...
# Subtest: collectOrchestration — against the fake MCP server
    # Subtest: a terminal succeeded run records done, with the run's output as the summary
    ok 1 - a terminal succeeded run records done, with the run's output as the summary
      ---
      duration_ms: 143.03964
      type: 'test'
      ...
    # Subtest: a live run is pending — collection is a read, not a wait
    ok 2 - a live run is pending — collection is a read, not a wait
      ---
      duration_ms: 113.690883
      type: 'test'
      ...
    # Subtest: a terminal failed run on an open task parks it
    ok 3 - a terminal failed run on an open task parks it
      ---
      duration_ms: 172.429048
      type: 'test'
      ...
    # Subtest: asks with the same consumer the dispatch spawned with, not the repo root
    ok 4 - asks with the same consumer the dispatch spawned with, not the repo root
      ---
      duration_ms: 144.442246
      type: 'test'
      ...
    # Subtest: falls back to the repo root when the task carries no worktree
    ok 5 - falls back to the repo root when the task carries no worktree
      ---
      duration_ms: 144.977266
      type: 'test'
      ...
    # Subtest: an unavailable backend is a refusal, not a spawn
    ok 6 - an unavailable backend is a refusal, not a spawn
      ---
      duration_ms: 58.59545
      type: 'test'
      ...
    1..6
ok 410 - collectOrchestration — against the fake MCP server
  ---
  duration_ms: 777.813372
  type: 'suite'
  ...
# Subtest: collectTopology — exact native workflow observation
    # Subtest: asks the producer about the durable record, never a bare tmux name
    ok 1 - asks the producer about the durable record, never a bare tmux name
      ---
      duration_ms: 73.488874
      type: 'test'
      ...
    # Subtest: collects only after exact observation proves native members ended
    ok 2 - collects only after exact observation proves native members ended
      ---
      duration_ms: 202.288008
      type: 'test'
      ...
    # Subtest: holds unknown server/pane incarnations and mismatched native IDs without releasing ownership
    ok 3 - holds unknown server/pane incarnations and mismatched native IDs without releasing ownership
      ---
      duration_ms: 63.488785
      type: 'test'
      ...
    # Subtest: holds legacy records until native import and rejects another backend handle
    ok 4 - holds legacy records until native import and rejects another backend handle
      ---
      duration_ms: 95.877102
      type: 'test'
      ...
    # Subtest: recovers an exact legacy producer reference and records its durable native handle
    ok 5 - recovers an exact legacy producer reference and records its durable native handle
      ---
      duration_ms: 108.551967
      type: 'test'
      ...
    # Subtest: reconciles a live legacy path until the producer moves its terminal record
    ok 6 - reconciles a live legacy path until the producer moves its terminal record
      ---
      duration_ms: 131.787874
      type: 'test'
      ...
    # Subtest: TM-417: tm rebind repairs a bare workflow id from the producer record, without collecting
    ok 7 - TM-417: tm rebind repairs a bare workflow id from the producer record, without collecting
      ---
      duration_ms: 122.192405
      type: 'test'
      ...
    # Subtest: TM-417: collection repairs a bare workflow id before observing
    ok 8 - TM-417: collection repairs a bare workflow id before observing
      ---
      duration_ms: 119.579935
      type: 'test'
      ...
    # Subtest: TM-417: rebind refuses a worker, a foreign workload checkout and a different native run
    ok 9 - TM-417: rebind refuses a worker, a foreign workload checkout and a different native run
      ---
      duration_ms: 112.682497
      type: 'test'
      ...
    # Subtest: holds missing, ambiguous, rejected and foreign legacy references without observing or releasing a worker
    ok 10 - holds missing, ambiguous, rejected and foreign legacy references without observing or releasing a worker
      ---
      duration_ms: 133.524772
      type: 'test'
      ...
    1..10
ok 411 - collectTopology — exact native workflow observation
  ---
  duration_ms: 1164.130758
  type: 'suite'
  ...
# Subtest: collect — the dispatched record is the routing table
    # Subtest: routes on task.dispatched.backend
    ok 1 - routes on task.dispatched.backend
      ---
      duration_ms: 46.0536
      type: 'test'
      ...
    # Subtest: refuses a task that was never dispatched
    ok 2 - refuses a task that was never dispatched
      ---
      duration_ms: 26.261271
      type: 'test'
      ...
    # Subtest: refuses a backend with no collector — manual work has no worker to hear from
    ok 3 - refuses a backend with no collector — manual work has no worker to hear from
      ---
      duration_ms: 45.515257
      type: 'test'
      ...
    # Subtest: never throws on garbage
    ok 4 - never throws on garbage
      ---
      duration_ms: 1.050325
      type: 'test'
      ...
    1..4
ok 412 - collect — the dispatched record is the routing table
  ---
  duration_ms: 119.134964
  type: 'suite'
  ...
# Subtest: the handoff's completion contract
    # Subtest: tells a dispatched worker it has no later turn (TM-246)
    ok 1 - tells a dispatched worker it has no later turn (TM-246)
      ---
      duration_ms: 32.866712
      type: 'test'
      ...
    # Subtest: tells a ready-for-agent worker exactly how to finish
    ok 2 - tells a ready-for-agent worker exactly how to finish
      ---
      duration_ms: 44.425981
      type: 'test'
      ...
    # Subtest: tells the worker to commit, push its own branch, and open a PR titled with the TM key
    ok 3 - tells the worker to commit, push its own branch, and open a PR titled with the TM key
      ---
      duration_ms: 52.726486
      type: 'test'
      ...
    # Subtest: says to block, not close, when the push or the PR fails
    ok 4 - says to block, not close, when the push or the PR fails
      ---
      duration_ms: 37.434702
      type: 'test'
      ...
    # Subtest: names a generic tm/ branch when the task records none, rather than a broken command
    ok 5 - names a generic tm/ branch when the task records none, rather than a broken command
      ---
      duration_ms: 29.64856
      type: 'test'
      ...
    # Subtest: states the configured integration branch as the PR's --base
    ok 6 - states the configured integration branch as the PR's --base
      ---
      duration_ms: 26.140973
      type: 'test'
      ...
    # Subtest: says nothing about it for a task a human is picking up
    ok 7 - says nothing about it for a task a human is picking up
      ---
      duration_ms: 45.628255
      type: 'test'
      ...
    1..7
ok 413 - the handoff's completion contract
  ---
  duration_ms: 269.406125
  type: 'suite'
  ...
# Subtest: the done path records the pull request (TM-180)
    # Subtest: records the PR url on the task when gh finds one
    ok 1 - records the PR url on the task when gh finds one
      ---
      duration_ms: 82.642176
      type: 'test'
      ...
    # Subtest: records it once, however many times the task is collected
    ok 2 - records it once, however many times the task is collected
      ---
      duration_ms: 74.966041
      type: 'test'
      ...
    # Subtest: still collects when gh is not installed
    ok 3 - still collects when gh is not installed
      ---
      duration_ms: 62.170777
      type: 'test'
      ...
    # Subtest: records nothing when there is no PR for the branch, or gh errors
    ok 4 - records nothing when there is no PR for the branch, or gh errors
      ---
      duration_ms: 127.885842
      type: 'test'
      ...
    # Subtest: does not ask gh at all for a task with no branch, or an outcome that is not done
    ok 5 - does not ask gh at all for a task with no branch, or an outcome that is not done
      ---
      duration_ms: 137.692482
      type: 'test'
      ...
    1..5
ok 414 - the done path records the pull request (TM-180)
  ---
  duration_ms: 485.675016
  type: 'suite'
  ...
# Subtest: collect — one result per dispatch run (TM-238, TM-303)
    # Subtest: several pool ticks over a finished review-ready worker record one event and one comment
    ok 1 - several pool ticks over a finished review-ready worker record one event and one comment
      ---
      duration_ms: 132.84317
      type: 'test'
      ...
    # Subtest: a blocked task whose dispatch was already collected is skipped
    ok 2 - a blocked task whose dispatch was already collected is skipped
      ---
      duration_ms: 94.553161
      type: 'test'
      ...
    # Subtest: a parked task whose dispatch was already collected is skipped
    ok 3 - a parked task whose dispatch was already collected is skipped
      ---
      duration_ms: 93.031677
      type: 'test'
      ...
    # Subtest: a done task whose dispatch was already collected is skipped
    ok 4 - a done task whose dispatch was already collected is skipped
      ---
      duration_ms: 64.696488
      type: 'test'
      ...
    # Subtest: a different outcome for the same run is recorded; a true repeat is not
    ok 5 - a different outcome for the same run is recorded; a true repeat is not
      ---
      duration_ms: 104.710483
      type: 'test'
      ...
    # Subtest: a dispatch with no run handle is keyed on dispatched.at and de-duplicated
    ok 6 - a dispatch with no run handle is keyed on dispatched.at and de-duplicated
      ---
      duration_ms: 88.463646
      type: 'test'
      ...
    # Subtest: a re-dispatch is a new run and is collected once more
    ok 7 - a re-dispatch is a new run and is collected once more
      ---
      duration_ms: 122.139389
      type: 'test'
      ...
    1..7
ok 415 - collect — one result per dispatch run (TM-238, TM-303)
  ---
  duration_ms: 700.809194
  type: 'suite'
  ...
# Subtest: recordResult — bounded retry with backoff before parking (TM-363)
    # Subtest: a task-scoped failure reopens the task with 1- then 4-minute backoff, logs each retry, then parks
    ok 1 - a task-scoped failure reopens the task with 1- then 4-minute backoff, logs each retry, then parks
      ---
      duration_ms: 186.343847
      type: 'test'
      ...
    # Subtest: a system-scoped (provider) failure parks at once and is not retried
    ok 2 - a system-scoped (provider) failure parks at once and is not retried
      ---
      duration_ms: 73.475783
      type: 'test'
      ...
    # Subtest: a worker that reports blocked is asking for a person: it parks, no retry
    ok 3 - a worker that reports blocked is asking for a person: it parks, no retry
      ---
      duration_ms: 75.553289
      type: 'test'
      ...
    # Subtest: the default is 2 retries
    ok 4 - the default is 2 retries
      ---
      duration_ms: 82.108648
      type: 'test'
      ...
    1..4
ok 416 - recordResult — bounded retry with backoff before parking (TM-363)
  ---
  duration_ms: 417.719566
  type: 'suite'
  ...
# Subtest: TM-443: a planted fsmonitor, hook, pager, external diff and filter never run through governanceGit
ok 417 - TM-443: a planted fsmonitor, hook, pager, external diff and filter never run through governanceGit
  ---
  duration_ms: 101.200347
  type: 'test'
  ...
# Subtest: TM-443 follow-up: governance gh is the root-owned binary at a pinned path; a gh planted first on PATH never runs
ok 418 - TM-443 follow-up: governance gh is the root-owned binary at a pinned path; a gh planted first on PATH never runs
  ---
  duration_ms: 166.454021
  type: 'test'
  ...
# Subtest: TM-443: no raw git spawn outside lib/safe-git.mjs
ok 419 - TM-443: no raw git spawn outside lib/safe-git.mjs
  ---
  duration_ms: 26.290689
  type: 'test'
  ...
# Subtest: sessionId
    # Subtest: reads the name Claude Code actually sets
    ok 1 - reads the name Claude Code actually sets
      ---
      duration_ms: 0.836772
      type: 'test'
      ...
    # Subtest: still accepts the documented override, for a harness driving tm outside Claude Code
    ok 2 - still accepts the documented override, for a harness driving tm outside Claude Code
      ---
      duration_ms: 0.220973
      type: 'test'
      ...
    # Subtest: prefers the harness's own id when both are present
    ok 3 - prefers the harness's own id when both are present
      ---
      duration_ms: 6.451632
      type: 'test'
      ...
    # Subtest: is null when neither is set, rather than undefined
    ok 4 - is null when neither is set, rather than undefined
      ---
      duration_ms: 0.186586
      type: 'test'
      ...
    1..4
ok 420 - sessionId
  ---
  duration_ms: 8.840078
  type: 'suite'
  ...
# Subtest: a claim written before sessions resolved
    # Subtest: does not lock the board out when a real session id starts flowing
    ok 1 - does not lock the board out when a real session id starts flowing
      ---
      duration_ms: 55.241321
      type: 'test'
      ...
    # Subtest: is adopted quietly, not recorded as a theft from yourself
    ok 2 - is adopted quietly, not recorded as a theft from yourself
      ---
      duration_ms: 64.567674
      type: 'test'
      ...
    # Subtest: still refuses a claim genuinely held by another live session
    ok 3 - still refuses a claim genuinely held by another live session
      ---
      duration_ms: 48.463263
      type: 'test'
      ...
    # Subtest: records the theft when the second session insists
    ok 4 - records the theft when the second session insists
      ---
      duration_ms: 48.83722
      type: 'test'
      ...
    1..4
ok 421 - a claim written before sessions resolved
  ---
  duration_ms: 217.65237
  type: 'suite'
  ...
# Subtest: the event log's session column
    # Subtest: is populated, having been null on every event ever written
    not ok 1 - is populated, having been null on every event ever written
      ---
      duration_ms: 42.685121
      type: 'test'
      location: '/home/ryan/Documents/GitHub/ByteDeskAI/bytedesk-marketplace/.bytedesk/worktrees/TM-426-stop-worker-cannot-release-a-worker-that-exited-/task-management/tests/unit/session-id.test.mjs:111:3'
      failureType: 'testCodeFailure'
      error: |-
        Expected values to be strictly equal:
        + actual - expected
        
        + 'fd2b831f'
        - 'stamped-session'
        
      code: 'ERR_ASSERTION'
      name: 'AssertionError'
      expected: 'stamped-session'
      actual: 'fd2b831f'
      operator: 'strictEqual'
      stack: |-
        TestContext.<anonymous> (file:///home/ryan/Documents/GitHub/ByteDeskAI/bytedesk-marketplace/.bytedesk/worktrees/TM-426-stop-worker-cannot-release-a-worker-that-exited-/task-management/tests/unit/session-id.test.mjs:122:12)
        Test.runInAsyncScope (node:async_hooks:214:14)
        Test.run (node:internal/test_runner/test:1047:25)
        Test.start (node:internal/test_runner/test:944:17)
        node:internal/test_runner/test:1440:71
        node:internal/per_context/primordials:466:82
        new Promise (<anonymous>)
        new SafePromise (node:internal/per_context/primordials:435:3)
        node:internal/per_context/primordials:466:9
        Array.map (<anonymous>)
      ...
    1..1
not ok 422 - the event log's session column
  ---
  duration_ms: 43.119062
  type: 'suite'
  location: '/home/ryan/Documents/GitHub/ByteDeskAI/bytedesk-marketplace/.bytedesk/worktrees/TM-426-stop-worker-cannot-release-a-worker-that-exited-/task-management/tests/unit/session-id.test.mjs:110:1'
  failureType: 'subtestsFailed'
  error: '1 subtest failed'
  code: 'ERR_TEST_FAILURE'
  ...
# Subtest: portFor
    # Subtest: gives the same project the same starting point every time
    ok 1 - gives the same project the same starting point every time
      ---
      duration_ms: 0.904863
      type: 'test'
      ...
    # Subtest: starts different projects in different places
    ok 2 - starts different projects in different places
      ---
      duration_ms: 0.255302
      type: 'test'
      ...
    # Subtest: stays above 45000 and inside the ephemeral-safe range
    ok 3 - stays above 45000 and inside the ephemeral-safe range
      ---
      duration_ms: 0.262253
      type: 'test'
      ...
    1..3
ok 423 - portFor
  ---
  duration_ms: 2.492038
  type: 'suite'
  ...
# Subtest: ensurePort
    # Subtest: assigns a free port above 45000 on first launch and persists it
    ok 1 - assigns a free port above 45000 on first launch and persists it
      ---
      duration_ms: 17.384457
      type: 'test'
      ...
    # Subtest: reuses the assignment on every later launch
    ok 2 - reuses the assignment on every later launch
      ---
      duration_ms: 9.808347
      type: 'test'
      ...
    # Subtest: gives two different projects two different ports
    ok 3 - gives two different projects two different ports
      ---
      duration_ms: 3.78141
      type: 'test'
      ...
    # Subtest: reassigns, persists and reports when the assigned port is taken
    ok 4 - reassigns, persists and reports when the assigned port is taken
      ---
      duration_ms: 5.147832
      type: 'test'
      ...
    # Subtest: keeps the assignment when the port is held by our own dashboard restarting
    ok 5 - keeps the assignment when the port is held by our own dashboard restarting
      ---
      duration_ms: 2.600279
      type: 'test'
      ...
    # Subtest: lets TM_DASHBOARD_PORT win without clobbering the stored assignment
    ok 6 - lets TM_DASHBOARD_PORT win without clobbering the stored assignment
      ---
      duration_ms: 2.362878
      type: 'test'
      ...
    # Subtest: does not record an assignment when an override runs on a fresh store
    ok 7 - does not record an assignment when an override runs on a fresh store
      ---
      duration_ms: 3.210524
      type: 'test'
      ...
    # Subtest: ignores a junk assignment file rather than refusing to start
    ok 8 - ignores a junk assignment file rather than refusing to start
      ---
      duration_ms: 1.845835
      type: 'test'
      ...
    1..8
ok 424 - ensurePort
  ---
  duration_ms: 47.007848
  type: 'suite'
  ...
# Subtest: readInstance / writeInstance
    # Subtest: round-trips pid, port and the owning store
    ok 1 - round-trips pid, port and the owning store
      ---
      duration_ms: 1.792045
      type: 'test'
      ...
    # Subtest: also writes dashboard.port for tools that read it
    ok 2 - also writes dashboard.port for tools that read it
      ---
      duration_ms: 3.389755
      type: 'test'
      ...
    # Subtest: reports nothing when there is no pid file
    ok 3 - reports nothing when there is no pid file
      ---
      duration_ms: 0.964502
      type: 'test'
      ...
    # Subtest: reads a pre-singleton pid file, which was just the number
    ok 4 - reads a pre-singleton pid file, which was just the number
      ---
      duration_ms: 0.879484
      type: 'test'
      ...
    # Subtest: reports nothing for a corrupt pid file
    ok 5 - reports nothing for a corrupt pid file
      ---
      duration_ms: 2.101579
      type: 'test'
      ...
    1..5
ok 425 - readInstance / writeInstance
  ---
  duration_ms: 9.456274
  type: 'suite'
  ...
# Subtest: liveInstance
    # Subtest: detects a running dashboard
    ok 1 - detects a running dashboard
      ---
      duration_ms: 7.640428
      type: 'test'
      ...
    # Subtest: treats a stale pid file as no instance
    ok 2 - treats a stale pid file as no instance
      ---
      duration_ms: 1.309659
      type: 'test'
      ...
    # Subtest: does not mistake a recycled pid owned by another store for a live dashboard
    ok 3 - does not mistake a recycled pid owned by another store for a live dashboard
      ---
      duration_ms: 7.735258
      type: 'test'
      ...
    1..3
ok 426 - liveInstance
  ---
  duration_ms: 16.954434
  type: 'suite'
  ...
# Subtest: takeover
    # Subtest: kills the incumbent and clears the pid file
    ok 1 - kills the incumbent and clears the pid file
      ---
      duration_ms: 56.564892
      type: 'test'
      ...
    # Subtest: is a no-op on a store with no incumbent
    ok 2 - is a no-op on a store with no incumbent
      ---
      duration_ms: 1.995003
      type: 'test'
      ...
    # Subtest: never kills a process owned by a different store
    ok 3 - never kills a process owned by a different store
      ---
      duration_ms: 4.553057
      type: 'test'
      ...
    1..3
ok 427 - takeover
  ---
  duration_ms: 63.902324
  type: 'suite'
  ...
# Subtest: the port survives a restart
    # Subtest: keeps a drifted assignment when the dashboard.* files are swept
    ok 1 - keeps a drifted assignment when the dashboard.* files are swept
      ---
      duration_ms: 3.167458
      type: 'test'
      ...
    # Subtest: adopts a pre-0.5 assignment written under the old name
    ok 2 - adopts a pre-0.5 assignment written under the old name
      ---
      duration_ms: 1.981071
      type: 'test'
      ...
    # Subtest: falls back and records the new assignment when the port is taken
    ok 3 - falls back and records the new assignment when the port is taken
      ---
      duration_ms: 3.164104
      type: 'test'
      ...
    1..3
ok 428 - the port survives a restart
  ---
  duration_ms: 8.679642
  type: 'suite'
  ...
# Subtest: listSkills
    # Subtest: reads the real catalog
    ok 1 - reads the real catalog
      ---
      duration_ms: 9.245955
      type: 'test'
      ...
    # Subtest: tolerates a skill with no frontmatter and an empty root
    ok 2 - tolerates a skill with no frontmatter and an empty root
      ---
      duration_ms: 3.527093
      type: 'test'
      ...
    1..2
ok 429 - listSkills
  ---
  duration_ms: 14.089326
  type: 'suite'
  ...
# Subtest: the sprint report
    # Subtest: gives points a denominator, which is what estimate never had
    ok 1 - gives points a denominator, which is what estimate never had
      ---
      duration_ms: 215.330997
      type: 'test'
      ...
    # Subtest: counts unsized cards apart rather than as zero
    ok 2 - counts unsized cards apart rather than as zero
      ---
      duration_ms: 156.98461
      type: 'test'
      ...
    # Subtest: groups by status, so what is left is legible without a second command
    ok 3 - groups by status, so what is left is legible without a second command
      ---
      duration_ms: 211.831682
      type: 'test'
      ...
    # Subtest: says so when nothing is committed, rather than reporting 0/0
    ok 4 - says so when nothing is committed, rather than reporting 0/0
      ---
      duration_ms: 34.276038
      type: 'test'
      ...
    # Subtest: only counts the cards committed to THIS sprint
    ok 5 - only counts the cards committed to THIS sprint
      ---
      duration_ms: 131.220251
      type: 'test'
      ...
    # Subtest: refuses an id that is not there
    ok 6 - refuses an id that is not there
      ---
      duration_ms: 1.79039
      type: 'test'
      ...
    1..6
ok 430 - the sprint report
  ---
  duration_ms: 752.934626
  type: 'suite'
  ...
# Subtest: staging files are not entities
    # Subtest: does not list another process's half-written file
    ok 1 - does not list another process's half-written file
      ---
      duration_ms: 45.265306
      type: 'test'
      ...
    # Subtest: does not resolve an id to a staging file
    ok 2 - does not resolve an id to a staging file
      ---
      duration_ms: 1.389549
      type: 'test'
      ...
    # Subtest: survives a listed name that cannot be opened
    ok 3 - survives a listed name that cannot be opened
      ---
      duration_ms: 42.110838
      type: 'test'
      ...
    1..3
ok 431 - staging files are not entities
  ---
  duration_ms: 90.537665
  type: 'suite'
  ...
# Subtest: collapseLog
    # Subtest: tracks status per entity, not once for the whole log
    ok 1 - tracks status per entity, not once for the whole log
      ---
      duration_ms: 1.671928
      type: 'test'
      ...
    # Subtest: does not call arriving at open a transition
    ok 2 - does not call arriving at open a transition
      ---
      duration_ms: 0.376341
      type: 'test'
      ...
    # Subtest: still reports a real move back to open
    ok 3 - still reports a real move back to open
      ---
      duration_ms: 0.281149
      type: 'test'
      ...
    # Subtest: drops an update a specific event in the same second explains
    ok 4 - drops an update a specific event in the same second explains
      ---
      duration_ms: 0.21628
      type: 'test'
      ...
    # Subtest: with keep
        # Subtest: marks instead of dropping, so every row still reaches the other consumers
        ok 1 - marks instead of dropping, so every row still reaches the other consumers
          ---
          duration_ms: 1.857806
          type: 'test'
          ...
        # Subtest: leaves `event` alone, because the PWA notification matcher switches on it
        ok 2 - leaves `event` alone, because the PWA notification matcher switches on it
          ---
          duration_ms: 0.265738
          type: 'test'
          ...
        # Subtest: agrees with the dropping form about which rows are noise
        ok 3 - agrees with the dropping form about which rows are noise
          ---
          duration_ms: 0.297159
          type: 'test'
          ...
        1..3
    ok 5 - with keep
      ---
      duration_ms: 2.789939
      type: 'suite'
      ...
    1..5
ok 432 - collapseLog
  ---
  duration_ms: 8.012603
  type: 'suite'
  ...
# Subtest: standup
    # Subtest: answers the three questions a standup answers, in that order
    ok 1 - answers the three questions a standup answers, in that order
      ---
      duration_ms: 348.212176
      type: 'test'
      ...
    # Subtest: prints the status path rather than every event that touched the file
    ok 2 - prints the status path rather than every event that touched the file
      ---
      duration_ms: 273.044303
      type: 'test'
      ...
    # Subtest: gives the reason a task is stuck, which is what a standup is for
    ok 3 - gives the reason a task is stuck, which is what a standup is for
      ---
      duration_ms: 245.856275
      type: 'test'
      ...
    # Subtest: does not say the status twice
    ok 4 - does not say the status twice
      ---
      duration_ms: 252.700818
      type: 'test'
      ...
    # Subtest: says so when a stuck task has no recorded reason
    ok 5 - says so when a stuck task has no recorded reason
      ---
      duration_ms: 48.696447
      type: 'test'
      ...
    # Subtest: keeps work that moved no status, summarised by what happened to it
    ok 6 - keeps work that moved no status, summarised by what happened to it
      ---
      duration_ms: 224.45659
      type: 'test'
      ...
    # Subtest: says an id is gone rather than printing it as if it were fine
    ok 7 - says an id is gone rather than printing it as if it were fine
      ---
      duration_ms: 56.156415
      type: 'test'
      ...
    # Subtest: reports nothing for a window with nothing in it
    ok 8 - reports nothing for a window with nothing in it
      ---
      duration_ms: 255.170141
      type: 'test'
      ...
    1..8
ok 433 - standup
  ---
  duration_ms: 1705.032695
  type: 'suite'
  ...
# Subtest: taskLine
    # Subtest: shows why a parked task is parked
    ok 1 - shows why a parked task is parked
      ---
      duration_ms: 1.483106
      type: 'test'
      ...
    # Subtest: shows why a blocked task is blocked
    ok 2 - shows why a blocked task is blocked
      ---
      duration_ms: 0.270252
      type: 'test'
      ...
    # Subtest: puts the reason right after the title, not at the end of the line
    ok 3 - puts the reason right after the title, not at the end of the line
      ---
      duration_ms: 0.250435
      type: 'test'
      ...
    # Subtest: says nothing when there is no reason
    ok 4 - says nothing when there is no reason
      ---
      duration_ms: 0.205553
      type: 'test'
      ...
    # Subtest: ignores a stale reason left on a task that is no longer stopped
    ok 5 - ignores a stale reason left on a task that is no longer stopped
      ---
      duration_ms: 0.311565
      type: 'test'
      ...
    # Subtest: abridges a long reason visibly, rather than pushing the board off the screen
    ok 6 - abridges a long reason visibly, rather than pushing the board off the screen
      ---
      duration_ms: 0.209521
      type: 'test'
      ...
    # Subtest: flattens a reason written across several lines
    ok 7 - flattens a reason written across several lines
      ---
      duration_ms: 0.254387
      type: 'test'
      ...
    1..7
ok 434 - taskLine
  ---
  duration_ms: 4.407028
  type: 'suite'
  ...
# Subtest: the board
    # Subtest: answers 'what is everything stuck on' in one command
    ok 1 - answers 'what is everything stuck on' in one command
      ---
      duration_ms: 184.203733
      type: 'test'
      ...
    1..1
ok 435 - the board
  ---
  duration_ms: 184.597354
  type: 'suite'
  ...
# Subtest: release
    # Subtest: drops the claim and says so
    ok 1 - drops the claim and says so
      ---
      duration_ms: 52.867728
      type: 'test'
      ...
    # Subtest: is a no-op on an unclaimed task
    ok 2 - is a no-op on an unclaimed task
      ---
      duration_ms: 44.660768
      type: 'test'
      ...
    # Subtest: leaves other sessions' claims alone
    ok 3 - leaves other sessions' claims alone
      ---
      duration_ms: 99.881217
      type: 'test'
      ...
    1..3
ok 436 - release
  ---
  duration_ms: 198.571809
  type: 'suite'
  ...
# Subtest: deleted tasks
    # Subtest: disappear from listings
    ok 1 - disappear from listings
      ---
      duration_ms: 115.507492
      type: 'test'
      ...
    # Subtest: are still reachable when asked for explicitly
    ok 2 - are still reachable when asked for explicitly
      ---
      duration_ms: 62.37043
      type: 'test'
      ...
    # Subtest: do not count toward open work or next
    ok 3 - do not count toward open work or next
      ---
      duration_ms: 65.180666
      type: 'test'
      ...
    # Subtest: do not hold up an epic's completion count
    ok 4 - do not hold up an epic's completion count
      ---
      duration_ms: 132.730987
      type: 'test'
      ...
    1..4
ok 437 - deleted tasks
  ---
  duration_ms: 376.488123
  type: 'suite'
  ...
# Subtest: shared state survives a clone
    # Subtest: keeps activeEpic in the committed config, not in state.json
    ok 1 - keeps activeEpic in the committed config, not in state.json
      ---
      duration_ms: 46.614279
      type: 'test'
      ...
    # Subtest: reads a pre-0.5 store that still has activeEpic in state.json
    ok 2 - reads a pre-0.5 store that still has activeEpic in state.json
      ---
      duration_ms: 40.199243
      type: 'test'
      ...
    # Subtest: leaves the per-machine keys in state.json
    ok 3 - leaves the per-machine keys in state.json
      ---
      duration_ms: 1.472754
      type: 'test'
      ...
    1..3
ok 438 - shared state survives a clone
  ---
  duration_ms: 88.81859
  type: 'suite'
  ...
# Subtest: when there is nothing to say
    # Subtest: says nothing rather than 'no tasks are claimed'
    ok 1 - says nothing rather than 'no tasks are claimed'
      ---
      duration_ms: 41.422151
      type: 'test'
      ...
    # Subtest: says nothing when the session is unknown
    ok 2 - says nothing when the session is unknown
      ---
      duration_ms: 2.64815
      type: 'test'
      ...
    # Subtest: says nothing about another session's claims
    ok 3 - says nothing about another session's claims
      ---
      duration_ms: 46.879263
      type: 'test'
      ...
    # Subtest: survives a claim whose task file is gone
    ok 4 - survives a claim whose task file is gone
      ---
      duration_ms: 1.947531
      type: 'test'
      ...
    1..4
ok 439 - when there is nothing to say
  ---
  duration_ms: 94.108065
  type: 'suite'
  ...
# Subtest: the brief
    # Subtest: names the task the parent is holding
    ok 1 - names the task the parent is holding
      ---
      duration_ms: 95.84806
      type: 'test'
      ...
    # Subtest: carries the unmet acceptance criteria, which is what 'done' means
    ok 2 - carries the unmet acceptance criteria, which is what 'done' means
      ---
      duration_ms: 84.553047
      type: 'test'
      ...
    # Subtest: drops the criteria already met, because the job is what is left
    ok 3 - drops the criteria already met, because the job is what is left
      ---
      duration_ms: 73.472778
      type: 'test'
      ...
    # Subtest: tells the agent not to move the task through its lifecycle
    ok 4 - tells the agent not to move the task through its lifecycle
      ---
      duration_ms: 79.243112
      type: 'test'
      ...
    # Subtest: still points at the additive writes, so reporting back has a route
    ok 5 - still points at the additive writes, so reporting back has a route
      ---
      duration_ms: 72.45314
      type: 'test'
      ...
    # Subtest: opens with a heading of its own
    ok 6 - opens with a heading of its own
      ---
      duration_ms: 67.215412
      type: 'test'
      ...
    # Subtest: is not the handoff dossier
    ok 7 - is not the handoff dossier
      ---
      duration_ms: 59.986
      type: 'test'
      ...
    1..7
ok 440 - the brief
  ---
  duration_ms: 533.531632
  type: 'suite'
  ...
# Subtest: it stays small, because every spawned agent pays for it
    # Subtest: caps how many claimed tasks it lists, and says how many it left out
    ok 1 - caps how many claimed tasks it lists, and says how many it left out
      ---
      duration_ms: 247.536277
      type: 'test'
      ...
    # Subtest: caps the criteria per task
    ok 2 - caps the criteria per task
      ---
      duration_ms: 33.460786
      type: 'test'
      ...
    # Subtest: caps the whole thing, visibly
    ok 3 - caps the whole thing, visibly
      ---
      duration_ms: 83.140969
      type: 'test'
      ...
    1..3
ok 441 - it stays small, because every spawned agent pays for it
  ---
  duration_ms: 364.39805
  type: 'suite'
  ...
# Subtest: the dispatched worker
    # Subtest: gets told it owns the lifecycle, with the verbs to run on ITS task
    ok 1 - gets told it owns the lifecycle, with the verbs to run on ITS task
      ---
      duration_ms: 46.813497
      type: 'test'
      ...
    # Subtest: carries the unmet criteria and drops the met ones, same as the classic brief
    ok 2 - carries the unmet criteria and drops the met ones, same as the classic brief
      ---
      duration_ms: 47.916687
      type: 'test'
      ...
    # Subtest: mirrors the handoff's 'When you finish' contract, so both surfaces agree
    ok 3 - mirrors the handoff's 'When you finish' contract, so both surfaces agree
      ---
      duration_ms: 51.826243
      type: 'test'
      ...
    # Subtest: says nothing for a task that does not exist
    ok 4 - says nothing for a task that does not exist
      ---
      duration_ms: 3.143871
      type: 'test'
      ...
    # Subtest: stays inside the same size cap
    ok 5 - stays inside the same size cap
      ---
      duration_ms: 48.07346
      type: 'test'
      ...
    1..5
ok 442 - the dispatched worker
  ---
  duration_ms: 198.263978
  type: 'suite'
  ...
# Subtest: briefFor — the hook cannot tell a helper from a worker, the board can
    # Subtest: gives the worker brief when everything the session holds is dispatched
    ok 1 - gives the worker brief when everything the session holds is dispatched
      ---
      duration_ms: 49.172149
      type: 'test'
      ...
    # Subtest: gives the classic brief the moment ANY held task is ordinarily claimed
    ok 2 - gives the classic brief the moment ANY held task is ordinarily claimed
      ---
      duration_ms: 105.236058
      type: 'test'
      ...
    # Subtest: is silent when the session holds nothing, whichever mode it would be
    ok 3 - is silent when the session holds nothing, whichever mode it would be
      ---
      duration_ms: 1.551176
      type: 'test'
      ...
    1..3
ok 443 - briefFor — the hook cannot tell a helper from a worker, the board can
  ---
  duration_ms: 156.181933
  type: 'suite'
  ...
# Subtest: seedTemplates
    # Subtest: writes the starters on a fresh store
    ok 1 - writes the starters on a fresh store
      ---
      duration_ms: 7.091786
      type: 'test'
      ...
    # Subtest: is idempotent — a second seed creates nothing
    ok 2 - is idempotent — a second seed creates nothing
      ---
      duration_ms: 3.36983
      type: 'test'
      ...
    # Subtest: never overwrites a template a human has edited
    ok 3 - never overwrites a template a human has edited
      ---
      duration_ms: 1.974661
      type: 'test'
      ...
    1..3
ok 444 - seedTemplates
  ---
  duration_ms: 13.590129
  type: 'suite'
  ...
# Subtest: the starters
    # Subtest: gives bug a regression-test acceptance criterion and repro sections
    ok 1 - gives bug a regression-test acceptance criterion and repro sections
      ---
      duration_ms: 2.026789
      type: 'test'
      ...
    # Subtest: gives spike a question, a timebox and an ending artifact
    ok 2 - gives spike a question, a timebox and an ending artifact
      ---
      duration_ms: 1.654638
      type: 'test'
      ...
    # Subtest: gives chore a scope and a blast radius
    ok 3 - gives chore a scope and a blast radius
      ---
      duration_ms: 2.041778
      type: 'test'
      ...
    1..3
ok 445 - the starters
  ---
  duration_ms: 6.086652
  type: 'suite'
  ...
# Subtest: readTemplate
    # Subtest: returns null for a template that does not exist
    ok 1 - returns null for a template that does not exist
      ---
      duration_ms: 1.376056
      type: 'test'
      ...
    # Subtest: refuses a path-unsafe name instead of reading outside the store
    ok 2 - refuses a path-unsafe name instead of reading outside the store
      ---
      duration_ms: 2.631792
      type: 'test'
      ...
    1..2
ok 446 - readTemplate
  ---
  duration_ms: 4.443955
  type: 'suite'
  ...
# Subtest: applyTemplate
    # Subtest: hands back fields and body ready for create()
    ok 1 - hands back fields and body ready for create()
      ---
      duration_ms: 2.091737
      type: 'test'
      ...
    # Subtest: lets the caller's own value win over the template default
    ok 2 - lets the caller's own value win over the template default
      ---
      duration_ms: 1.488002
      type: 'test'
      ...
    # Subtest: treats an empty caller array as absent so `tm task new` defaults do not erase the template
    ok 3 - treats an empty caller array as absent so `tm task new` defaults do not erase the template
      ---
      duration_ms: 1.499539
      type: 'test'
      ...
    # Subtest: does not leak template-only metadata into the task
    ok 4 - does not leak template-only metadata into the task
      ---
      duration_ms: 1.416911
      type: 'test'
      ...
    # Subtest: throws on an unknown template rather than silently creating a bare task
    ok 5 - throws on an unknown template rather than silently creating a bare task
      ---
      duration_ms: 1.113129
      type: 'test'
      ...
    1..5
ok 447 - applyTemplate
  ---
  duration_ms: 8.026215
  type: 'suite'
  ...
# Subtest: listTemplates
    # Subtest: returns [] when the store has no templates dir at all
    ok 1 - returns [] when the store has no templates dir at all
      ---
      duration_ms: 2.428306
      type: 'test'
      ...
    # Subtest: carries each template's description for `tm task new --template` help
    ok 2 - carries each template's description for `tm task new --template` help
      ---
      duration_ms: 1.23826
      type: 'test'
      ...
    1..2
ok 448 - listTemplates
  ---
  duration_ms: 3.911761
  type: 'suite'
  ...
# Subtest: taskTimeline
    # Subtest: returns one task's events in time order, across a rotated log
    ok 1 - returns one task's events in time order, across a rotated log
      ---
      duration_ms: 4.272484
      type: 'test'
      ...
    # Subtest: sorts events that were appended out of order
    ok 2 - sorts events that were appended out of order
      ---
      duration_ms: 4.241128
      type: 'test'
      ...
    # Subtest: survives malformed and unparseable lines
    ok 3 - survives malformed and unparseable lines
      ---
      duration_ms: 2.131415
      type: 'test'
      ...
    # Subtest: returns [] for an unknown id and for a store with no log
    ok 4 - returns [] for an unknown id and for a store with no log
      ---
      duration_ms: 2.064307
      type: 'test'
      ...
    1..4
ok 449 - taskTimeline
  ---
  duration_ms: 13.993459
  type: 'suite'
  ...
# Subtest: cycleTime
    # Subtest: counts in-progress spans only — parked time is not work
    ok 1 - counts in-progress spans only — parked time is not work
      ---
      duration_ms: 2.105916
      type: 'test'
      ...
    # Subtest: matches wall clock when nothing interrupted the task
    ok 2 - matches wall clock when nothing interrupted the task
      ---
      duration_ms: 1.22609
      type: 'test'
      ...
    # Subtest: returns null while a task is still open
    ok 3 - returns null while a task is still open
      ---
      duration_ms: 2.426948
      type: 'test'
      ...
    1..3
ok 450 - cycleTime
  ---
  duration_ms: 6.296051
  type: 'suite'
  ...
# Subtest: timeInStatus
    # Subtest: splits a task's life across the statuses it actually sat in
    ok 1 - splits a task's life across the statuses it actually sat in
      ---
      duration_ms: 1.430622
      type: 'test'
      ...
    # Subtest: accrues the current status up to now for a task that is still open
    ok 2 - accrues the current status up to now for a task that is still open
      ---
      duration_ms: 1.319379
      type: 'test'
      ...
    1..2
ok 451 - timeInStatus
  ---
  duration_ms: 3.14792
  type: 'suite'
  ...
# Subtest: throughput
    # Subtest: counts tasks closed per calendar day
    ok 1 - counts tasks closed per calendar day
      ---
      duration_ms: 1.752019
      type: 'test'
      ...
    # Subtest: honours sinceIso
    ok 2 - honours sinceIso
      ---
      duration_ms: 1.494149
      type: 'test'
      ...
    # Subtest: reports zeros rather than NaN on an empty log
    ok 3 - reports zeros rather than NaN on an empty log
      ---
      duration_ms: 1.047439
      type: 'test'
      ...
    1..3
ok 452 - throughput
  ---
  duration_ms: 4.521458
  type: 'suite'
  ...
# Subtest: summary
    # Subtest: reports median and mean cycle time over closed tasks
    ok 1 - reports median and mean cycle time over closed tasks
      ---
      duration_ms: 4.118708
      type: 'test'
      ...
    # Subtest: reports WIP age and the oldest thing still open
    ok 2 - reports WIP age and the oldest thing still open
      ---
      duration_ms: 1.977212
      type: 'test'
      ...
    # Subtest: degrades to empty rather than dividing by zero
    ok 3 - degrades to empty rather than dividing by zero
      ---
      duration_ms: 0.906091
      type: 'test'
      ...
    1..3
ok 453 - summary
  ---
  duration_ms: 7.202753
  type: 'suite'
  ...
# Subtest: findToolCallMarkup
    # Subtest: catches a tag alone on a line
    ok 1 - catches a tag alone on a line
      ---
      duration_ms: 1.294005
      type: 'test'
      ...
    # Subtest: catches a closer trailing real content
    ok 2 - catches a closer trailing real content
      ---
      duration_ms: 0.250568
      type: 'test'
      ...
    # Subtest: catches an invoke wrapper
    ok 3 - catches an invoke wrapper
      ---
      duration_ms: 0.149394
      type: 'test'
      ...
    # Subtest: passes ordinary prose
    ok 4 - passes ordinary prose
      ---
      duration_ms: 0.539737
      type: 'test'
      ...
    # Subtest: passes generics, JSX and comparisons
    ok 5 - passes generics, JSX and comparisons
      ---
      duration_ms: 0.228277
      type: 'test'
      ...
    # Subtest: passes an example inside a fenced block
    ok 6 - passes an example inside a fenced block
      ---
      duration_ms: 0.13332
      type: 'test'
      ...
    # Subtest: passes an empty body
    ok 7 - passes an empty body
      ---
      duration_ms: 6.070762
      type: 'test'
      ...
    1..7
ok 454 - findToolCallMarkup
  ---
  duration_ms: 9.962863
  type: 'suite'
  ...
# Subtest: the store refuses to persist it
    # Subtest: rejects on create
    ok 1 - rejects on create
      ---
      duration_ms: 39.980431
      type: 'test'
      ...
    # Subtest: rejects on update, and leaves the stored body intact
    ok 2 - rejects on update, and leaves the stored body intact
      ---
      duration_ms: 62.633119
      type: 'test'
      ...
    # Subtest: names the offending text so the caller can find it
    ok 3 - names the offending text so the caller can find it
      ---
      duration_ms: 51.623452
      type: 'test'
      ...
    # Subtest: still accepts a body that documents the rule
    ok 4 - still accepts a body that documents the rule
      ---
      duration_ms: 44.315955
      type: 'test'
      ...
    1..4
ok 455 - the store refuses to persist it
  ---
  duration_ms: 199.118851
  type: 'suite'
  ...
# Subtest: normalise
    # Subtest: makes a path repo-relative, because an absolute one names one machine's disk
    ok 1 - makes a path repo-relative, because an absolute one names one machine's disk
      ---
      duration_ms: 7.041731
      type: 'test'
      ...
    # Subtest: resolves a relative path against where the caller is standing
    ok 2 - resolves a relative path against where the caller is standing
      ---
      duration_ms: 1.863137
      type: 'test'
      ...
    # Subtest: refuses a path outside the store root
    ok 3 - refuses a path outside the store root
      ---
      duration_ms: 1.5172
      type: 'test'
      ...
    # Subtest: ignores the store's own files, which would make every task collide
    ok 4 - ignores the store's own files, which would make every task collide
      ---
      duration_ms: 1.375114
      type: 'test'
      ...
    # Subtest: ignores node_modules nested in a monorepo package
    ok 5 - ignores node_modules nested in a monorepo package
      ---
      duration_ms: 1.667495
      type: 'test'
      ...
    # Subtest: is idempotent when re-normalised against the root
    ok 6 - is idempotent when re-normalised against the root
      ---
      duration_ms: 1.342183
      type: 'test'
      ...
    # Subtest: refuses the root itself and empty input
    ok 7 - refuses the root itself and empty input
      ---
      duration_ms: 1.251639
      type: 'test'
      ...
    1..7
ok 456 - normalise
  ---
  duration_ms: 18.342931
  type: 'suite'
  ...
# Subtest: attribute
    # Subtest: takes the task named by the branch, which needs no discipline
    ok 1 - takes the task named by the branch, which needs no discipline
      ---
      duration_ms: 181.626961
      type: 'test'
      ...
    # Subtest: ignores a branch naming a task that does not exist
    ok 2 - ignores a branch naming a task that does not exist
      ---
      duration_ms: 60.890748
      type: 'test'
      ...
    # Subtest: takes the only task in progress
    ok 3 - takes the only task in progress
      ---
      duration_ms: 63.764788
      type: 'test'
      ...
    # Subtest: declines to guess between two tasks in one session
    ok 4 - declines to guess between two tasks in one session
      ---
      duration_ms: 109.606121
      type: 'test'
      ...
    # Subtest: prefers this session's task over another session's
    ok 5 - prefers this session's task over another session's
      ---
      duration_ms: 102.64276
      type: 'test'
      ...
    # Subtest: breaks a tie on the claim this session explicitly took
    ok 6 - breaks a tie on the claim this session explicitly took
      ---
      duration_ms: 97.050659
      type: 'test'
      ...
    # Subtest: returns null when nothing is in progress
    ok 7 - returns null when nothing is in progress
      ---
      duration_ms: 32.31733
      type: 'test'
      ...
    1..7
ok 457 - attribute
  ---
  duration_ms: 648.77189
  type: 'suite'
  ...
# Subtest: record
    # Subtest: adds a path and keeps the list sorted and unique
    ok 1 - adds a path and keeps the list sorted and unique
      ---
      duration_ms: 69.171311
      type: 'test'
      ...
    # Subtest: reports nothing added when the path is already known
    ok 2 - reports nothing added when the path is already known
      ---
      duration_ms: 87.849312
      type: 'test'
      ...
    # Subtest: caps the list, because frontmatter is one line per key
    ok 3 - caps the list, because frontmatter is one line per key
      ---
      duration_ms: 76.76343
      type: 'test'
      ...
    # Subtest: is a no-op on a task that does not exist
    ok 4 - is a no-op on a task that does not exist
      ---
      duration_ms: 0.950355
      type: 'test'
      ...
    # Subtest: drops paths it cannot normalise without dropping the good ones
    ok 5 - drops paths it cannot normalise without dropping the good ones
      ---
      duration_ms: 60.105322
      type: 'test'
      ...
    1..5
ok 458 - record
  ---
  duration_ms: 295.197852
  type: 'suite'
  ...
# Subtest: observe — the PostToolUse path
    # Subtest: records the edited file against the running task
    ok 1 - records the edited file against the running task
      ---
      duration_ms: 62.502177
      type: 'test'
      ...
    # Subtest: reads NotebookEdit's notebook_path too
    ok 2 - reads NotebookEdit's notebook_path too
      ---
      duration_ms: 57.364012
      type: 'test'
      ...
    # Subtest: says nothing and writes nothing when it cannot tell whose edit it is
    ok 3 - says nothing and writes nothing when it cannot tell whose edit it is
      ---
      duration_ms: 129.73024
      type: 'test'
      ...
    # Subtest: ignores an edit to the store's own files
    ok 4 - ignores an edit to the store's own files
      ---
      duration_ms: 56.313159
      type: 'test'
      ...
    # Subtest: ignores a failed edit — it says nothing about what the task owns
    ok 5 - ignores a failed edit — it says nothing about what the task owns
      ---
      duration_ms: 56.344523
      type: 'test'
      ...
    # Subtest: ignores a payload with no path at all
    ok 6 - ignores a payload with no path at all
      ---
      duration_ms: 59.728305
      type: 'test'
      ...
    # Subtest: can be switched off
    ok 7 - can be switched off
      ---
      duration_ms: 51.406938
      type: 'test'
      ...
    # Subtest: attributes to the branch's task even when another is also running
    ok 8 - attributes to the branch's task even when another is also running
      ---
      duration_ms: 99.780883
      type: 'test'
      ...
    # Subtest: records a worktree edit as the same path as the main checkout's
    ok 9 - records a worktree edit as the same path as the main checkout's
      ---
      duration_ms: 56.699612
      type: 'test'
      ...
    # Subtest: still ignores the store's files when anchored on a worktree
    ok 10 - still ignores the store's files when anchored on a worktree
      ---
      duration_ms: 43.512342
      type: 'test'
      ...
    # Subtest: accumulates across many edits, which is how a real session fills it in
    ok 11 - accumulates across many edits, which is how a real session fills it in
      ---
      duration_ms: 97.557604
      type: 'test'
      ...
    1..11
ok 459 - observe — the PostToolUse path
  ---
  duration_ms: 771.665827
  type: 'suite'
  ...
# Subtest: agentReadiness — the one readiness check
    # Subtest: is ready when every rule holds, and names nothing missing
    ok 1 - is ready when every rule holds, and names nothing missing
      ---
      duration_ms: 2.33947
      type: 'test'
      ...
    # Subtest: requires the start gate's fields, named for a person
    ok 2 - requires the start gate's fields, named for a person
      ---
      duration_ms: 3.617582
      type: 'test'
      ...
    # Subtest: requires an epic only when requireEpic is on
    ok 3 - requires an epic only when requireEpic is on
      ---
      duration_ms: 0.412023
      type: 'test'
      ...
    # Subtest: is never ready while a human-only label is on it
    ok 4 - is never ready while a human-only label is on it
      ---
      duration_ms: 0.255696
      type: 'test'
      ...
    # Subtest: is never ready under a decision role an agent cannot answer alone — research is allowed
    ok 5 - is never ready under a decision role an agent cannot answer alone — research is allowed
      ---
      duration_ms: 0.229572
      type: 'test'
      ...
    # Subtest: ignores status and dependencies: specified is not the same as startable
    ok 6 - ignores status and dependencies: specified is not the same as startable
      ---
      duration_ms: 0.187502
      type: 'test'
      ...
    # Subtest: reports every gap at once, not just the first
    ok 7 - reports every gap at once, not just the first
      ---
      duration_ms: 0.184591
      type: 'test'
      ...
    # Subtest: owns the triage and decision vocabularies; issue.mjs and decision.mjs re-export the same arrays
    ok 8 - owns the triage and decision vocabularies; issue.mjs and decision.mjs re-export the same arrays
      ---
      duration_ms: 0.316411
      type: 'test'
      ...
    1..8
ok 460 - agentReadiness — the one readiness check
  ---
  duration_ms: 9.130103
  type: 'suite'
  ...
# Subtest: label sync inside the store write
    # Subtest: labels a complete task ready-for-agent at create, stamped auto
    ok 1 - labels a complete task ready-for-agent at create, stamped auto
      ---
      duration_ms: 94.800958
      type: 'test'
      ...
    # Subtest: labels an incomplete task needs-triage and names what is missing
    ok 2 - labels an incomplete task needs-triage and names what is missing
      ---
      duration_ms: 84.095666
      type: 'test'
      ...
    # Subtest: keeps every non-triage label
    ok 3 - keeps every non-triage label
      ---
      duration_ms: 83.291916
      type: 'test'
      ...
    # Subtest: flips an auto label when a later write completes the task, in that same write
    ok 4 - flips an auto label when a later write completes the task, in that same write
      ---
      duration_ms: 106.564114
      type: 'test'
      ...
    # Subtest: editing an unrelated field adds no label event and leaves the triage fields alone
    ok 5 - editing an unrelated field adds no label event and leaves the triage fields alone
      ---
      duration_ms: 88.173201
      type: 'test'
      ...
    # Subtest: does not touch a resolved task
    ok 6 - does not touch a resolved task
      ---
      duration_ms: 73.628854
      type: 'test'
      ...
    # Subtest: unset autoReady means label; dispatch.autoReady off disables it on create and update
    ok 7 - unset autoReady means label; dispatch.autoReady off disables it on create and update
      ---
      duration_ms: 131.914432
      type: 'test'
      ...
    1..7
ok 461 - label sync inside the store write
  ---
  duration_ms: 663.06702
  type: 'suite'
  ...
# Subtest: the human veto
    # Subtest: a triage label set by a person survives edits of other fields, stamped human
    ok 1 - a triage label set by a person survives edits of other fields, stamped human
      ---
      duration_ms: 117.552151
      type: 'test'
      ...
    # Subtest: a person clearing the only triage label sticks: no label comes back, and the stamp says human
    ok 2 - a person clearing the only triage label sticks: no label comes back, and the stamp says human
      ---
      duration_ms: 87.711321
      type: 'test'
      ...
    # Subtest: a person's ready-for-human survives the task becoming complete
    ok 3 - a person's ready-for-human survives the task becoming complete
      ---
      duration_ms: 104.601174
      type: 'test'
      ...
    # Subtest: a direct update that changes the triage label is a person's choice too, whichever surface sent it
    ok 4 - a direct update that changes the triage label is a person's choice too, whichever surface sent it
      ---
      duration_ms: 103.208771
      type: 'test'
      ...
    # Subtest: leaves a hand-labelled task alone even with no triagedBy at all, while its unlabelled sibling is triaged
    ok 5 - leaves a hand-labelled task alone even with no triagedBy at all, while its unlabelled sibling is triaged
      ---
      duration_ms: 156.871695
      type: 'test'
      ...
    # Subtest: removing a triage label the task does not carry leaves the auto label auto
    ok 6 - removing a triage label the task does not carry leaves the auto label auto
      ---
      duration_ms: 96.162164
      type: 'test'
      ...
    # Subtest: holds through MCP tm_label
    ok 7 - holds through MCP tm_label
      ---
      duration_ms: 91.03375
      type: 'test'
      ...
    # Subtest: holds through the HTTP labels action and PATCH edit
    ok 8 - holds through the HTTP labels action and PATCH edit
      ---
      duration_ms: 81.918824
      type: 'test'
      ...
    1..8
ok 462 - the human veto
  ---
  duration_ms: 839.650071
  type: 'suite'
  ...
# Subtest: settings catalog
    # Subtest: lists dispatch.autoReady in the Agent dispatch group, label by default
    ok 1 - lists dispatch.autoReady in the Agent dispatch group, label by default
      ---
      duration_ms: 0.468335
      type: 'test'
      ...
    1..1
ok 463 - settings catalog
  ---
  duration_ms: 0.586734
  type: 'suite'
  ...
# Subtest: the CLI
    # Subtest: tm task new --human files the task ready-for-human, set by a person
    ok 1 - tm task new --human files the task ready-for-human, set by a person
      ---
      duration_ms: 180.05208
      type: 'test'
      ...
    # Subtest: tm triage --dry-run lists what would change and writes nothing; --all applies it
    ok 2 - tm triage --dry-run lists what would change and writes nothing; --all applies it
      ---
      duration_ms: 479.71549
      type: 'test'
      ...
    # Subtest: tm triage covers open-column tasks by default; --all reaches the backlog too
    ok 3 - tm triage covers open-column tasks by default; --all reaches the backlog too
      ---
      duration_ms: 226.709695
      type: 'test'
      ...
    # Subtest: tm triage refuses while dispatch.autoReady is off, rather than reporting nothing to change
    ok 4 - tm triage refuses while dispatch.autoReady is off, rather than reporting nothing to change
      ---
      duration_ms: 140.220785
      type: 'test'
      ...
    # Subtest: tm triage refuses a flag it does not take
    ok 5 - tm triage refuses a flag it does not take
      ---
      duration_ms: 108.277706
      type: 'test'
      ...
    # Subtest: tm help lists triage
    ok 6 - tm help lists triage
      ---
      duration_ms: 106.595379
      type: 'test'
      ...
    1..6
ok 464 - the CLI
  ---
  duration_ms: 1242.071404
  type: 'suite'
  ...
# Subtest: use-cases catalog (TM-075)
    # Subtest: has exactly 20 numbered use cases with the five-section format
    ok 1 - has exactly 20 numbered use cases with the five-section format
      ---
      duration_ms: 2.903221
      type: 'test'
      ...
    # Subtest: names only MCP tools that exist
    ok 2 - names only MCP tools that exist
      ---
      duration_ms: 0.471445
      type: 'test'
      ...
    # Subtest: names HTTP routes that exist in dashboard-api.md
    ok 3 - names HTTP routes that exist in dashboard-api.md
      ---
      duration_ms: 1.307325
      type: 'test'
      ...
    # Subtest: covers agent-first surfaces and README links the catalog
    ok 4 - covers agent-first surfaces and README links the catalog
      ---
      duration_ms: 1.225536
      type: 'test'
      ...
    1..4
ok 465 - use-cases catalog (TM-075)
  ---
  duration_ms: 7.388615
  type: 'suite'
  ...
# Subtest: config
    # Subtest: defaults to no webhooks and no remote endpoints
    ok 1 - defaults to no webhooks and no remote endpoints
      ---
      duration_ms: 3.986478
      type: 'test'
      ...
    1..1
ok 466 - config
  ---
  duration_ms: 5.160459
  type: 'suite'
  ...
# Subtest: isAllowedUrl
    # Subtest: allows loopback and .local http endpoints by default
    ok 1 - allows loopback and .local http endpoints by default
      ---
      duration_ms: 0.4398
      type: 'test'
      ...
    # Subtest: refuses everything else by default — the stream carries task contents
    ok 2 - refuses everything else by default — the stream carries task contents
      ---
      duration_ms: 0.231924
      type: 'test'
      ...
    # Subtest: admits remote http(s) only with the explicit flag
    ok 3 - admits remote http(s) only with the explicit flag
      ---
      duration_ms: 0.181097
      type: 'test'
      ...
    1..3
ok 467 - isAllowedUrl
  ---
  duration_ms: 1.224611
  type: 'suite'
  ...
# Subtest: webhookTargets
    # Subtest: matches every event when kinds is omitted, and filters by name when given
    ok 1 - matches every event when kinds is omitted, and filters by name when given
      ---
      duration_ms: 3.032594
      type: 'test'
      ...
    # Subtest: treats an empty kinds list as no filter
    ok 2 - treats an empty kinds list as no filter
      ---
      duration_ms: 1.991159
      type: 'test'
      ...
    # Subtest: refuses remote URLs by default and admits them with webhooksAllowRemote
    ok 3 - refuses remote URLs by default and admits them with webhooksAllowRemote
      ---
      duration_ms: 2.067105
      type: 'test'
      ...
    # Subtest: survives a malformed config
    ok 4 - survives a malformed config
      ---
      duration_ms: 2.454195
      type: 'test'
      ...
    1..4
ok 468 - webhookTargets
  ---
  duration_ms: 10.116762
  type: 'suite'
  ...
# Subtest: fanoutWebhook
    # Subtest: POSTs the exact event row to each matching webhook
    ok 1 - POSTs the exact event row to each matching webhook
      ---
      duration_ms: 74.371135
      type: 'test'
      ...
    # Subtest: never throws on an unreachable endpoint, and reports what it dispatched
    ok 2 - never throws on an unreachable endpoint, and reports what it dispatched
      ---
      duration_ms: 303.590996
      type: 'test'
      ...
    1..2
ok 469 - fanoutWebhook
  ---
  duration_ms: 378.413461
  type: 'suite'
  ...
# Subtest: logEvent fan-out (through the detached child)
    # Subtest: POSTs the exact row that landed in events.jsonl
    ok 1 - POSTs the exact row that landed in events.jsonl
      ---
      duration_ms: 107.187041
      type: 'test'
      ...
    # Subtest: honours the kind filter through the real write path
    ok 2 - honours the kind filter through the real write path
      ---
      duration_ms: 2118.409813
      type: 'test'
      ...
    # Subtest: still writes the event, and returns immediately, when the endpoint is unreachable
    ok 3 - still writes the event, and returns immediately, when the endpoint is unreachable
      ---
      duration_ms: 503.707462
      type: 'test'
      ...
    1..3
ok 470 - logEvent fan-out (through the detached child)
  ---
  duration_ms: 2729.905902
  type: 'suite'
  ...
# \# worker-guard: 30 rows, 104 blocked samples
# \# pre-bash outside a worker, binaries that ran: []
# \# pre-bash inside a worker, binaries that ran: ["node /home/ryan/Documents/GitHub/ByteDeskAI/bytedesk-marketplace/.bytedesk/worktrees/TM-426-stop-worker-cannot-release-a-worker-that-exited-/task-management/bin/tm-hook pre-bash"]
# Subtest: guardCommand — the table
    # Subtest: every row has blocked samples, and each sample is blocked by THAT row
    ok 1 - every row has blocked samples, and each sample is blocked by THAT row
      ---
      duration_ms: 12.466508
      type: 'test'
      ...
    # Subtest: allows the finish line and ordinary work
    ok 2 - allows the finish line and ordinary work
      ---
      duration_ms: 1.893333
      type: 'test'
      ...
    1..2
ok 471 - guardCommand — the table
  ---
  duration_ms: 15.40855
  type: 'suite'
  ...
# Subtest: guardCommand — TM-235: a PR must target the configured integration branch
    # Subtest: blocks a PR with no --base
    ok 1 - blocks a PR with no --base
      ---
      duration_ms: 7.875259
      type: 'test'
      ...
    # Subtest: blocks a PR based against the wrong branch
    ok 2 - blocks a PR based against the wrong branch
      ---
      duration_ms: 0.373153
      type: 'test'
      ...
    # Subtest: allows a PR based against the configured integration branch
    ok 3 - allows a PR based against the configured integration branch
      ---
      duration_ms: 0.270412
      type: 'test'
      ...
    # Subtest: fails safe when no integration branch is known for this worker
    ok 4 - fails safe when no integration branch is known for this worker
      ---
      duration_ms: 3.373424
      type: 'test'
      ...
    # Subtest: reads `gh pr new` exactly like `gh pr create`
    ok 5 - reads `gh pr new` exactly like `gh pr create`
      ---
      duration_ms: 0.576586
      type: 'test'
      ...
    # Subtest: refuses retargeting a PR's base with `gh pr edit --base`
    ok 6 - refuses retargeting a PR's base with `gh pr edit --base`
      ---
      duration_ms: 0.500436
      type: 'test'
      ...
    # Subtest: refuses raw-API PR writes that carry a base field
    ok 7 - refuses raw-API PR writes that carry a base field
      ---
      duration_ms: 0.634685
      type: 'test'
      ...
    1..7
ok 472 - guardCommand — TM-235: a PR must target the configured integration branch
  ---
  duration_ms: 14.441413
  type: 'suite'
  ...
# Subtest: guardCommand — the shell a worker actually writes
    # Subtest: blocks a guarded command inside compound, wrapped and nested forms
    ok 1 - blocks a guarded command inside compound, wrapped and nested forms
      ---
      duration_ms: 1.771562
      type: 'test'
      ...
    # Subtest: fails safe on what it cannot read, but only when it mentions git push, gh or a guarded tool
    ok 2 - fails safe on what it cannot read, but only when it mentions git push, gh or a guarded tool
      ---
      duration_ms: 0.794473
      type: 'test'
      ...
    # Subtest: a push that relies on HEAD is allowed only while HEAD is the worker's own branch
    ok 3 - a push that relies on HEAD is allowed only while HEAD is the worker's own branch
      ---
      duration_ms: 0.306068
      type: 'test'
      ...
    # Subtest: with no own branch known, every push is refused and ordinary git still runs
    ok 4 - with no own branch known, every push is refused and ordinary git still runs
      ---
      duration_ms: 0.49237
      type: 'test'
      ...
    # Subtest: a rebase that rewrites main is refused; rebasing the own branch onto main is not
    ok 5 - a rebase that rewrites main is refused; rebasing the own branch onto main is not
      ---
      duration_ms: 0.17383
      type: 'test'
      ...
    1..5
ok 473 - guardCommand — the shell a worker actually writes
  ---
  duration_ms: 3.854674
  type: 'suite'
  ...
# Subtest: tm-hook.sh pre-bash — the glue
    # Subtest: outside a worker, exits 0 without starting Node — and the same shim does see Node start inside one
    ok 1 - outside a worker, exits 0 without starting Node — and the same shim does see Node start inside one
      ---
      duration_ms: 39.167506
      type: 'test'
      ...
    # Subtest: in a worker, exits 2 with a reason for one sample of every row, and 0 for the finish line
    ok 2 - in a worker, exits 2 with a reason for one sample of every row, and 0 for the finish line
      ---
      duration_ms: 2825.299199
      type: 'test'
      ...
    # Subtest: in a worker without TM_DISPATCH_BRANCH, the own branch is read from the payload's cwd
    ok 3 - in a worker without TM_DISPATCH_BRANCH, the own branch is read from the payload's cwd
      ---
      duration_ms: 178.559859
      type: 'test'
      ...
    # Subtest: in a worker, an unreadable payload is refused rather than waved through
    ok 4 - in a worker, an unreadable payload is refused rather than waved through
      ---
      duration_ms: 49.220815
      type: 'test'
      ...
    1..4
ok 474 - tm-hook.sh pre-bash — the glue
  ---
  duration_ms: 3092.589674
  type: 'suite'
  ...
# Subtest: tm-hook.sh pre-bash — the guard releases when the task does
    # Subtest: a done task releases it — the branch is gone and the session still works
    ok 1 - a done task releases it — the branch is gone and the session still works
      ---
      duration_ms: 123.007558
      type: 'test'
      ...
    # Subtest: a deleted task releases it too
    ok 2 - a deleted task releases it too
      ---
      duration_ms: 110.062722
      type: 'test'
      ...
    # Subtest: an open task does NOT release it
    ok 3 - an open task does NOT release it
      ---
      duration_ms: 121.220982
      type: 'test'
      ...
    # Subtest: a task it cannot read does NOT release it — a guard that cannot see must not stand down
    ok 4 - a task it cannot read does NOT release it — a guard that cannot see must not stand down
      ---
      duration_ms: 75.979349
      type: 'test'
      ...
    # Subtest: without TM_ROOT, the task's recorded branch identifies it
    ok 5 - without TM_ROOT, the task's recorded branch identifies it
      ---
      duration_ms: 175.965176
      type: 'test'
      ...
    # Subtest: a same-id task done in ANOTHER store does NOT release it
    ok 6 - a same-id task done in ANOTHER store does NOT release it
      ---
      duration_ms: 157.781618
      type: 'test'
      ...
    # Subtest: no pin at all does NOT release it
    ok 7 - no pin at all does NOT release it
      ---
      duration_ms: 78.488665
      type: 'test'
      ...
    1..7
ok 475 - tm-hook.sh pre-bash — the guard releases when the task does
  ---
  duration_ms: 843.146066
  type: 'suite'
  ...
# Subtest: recorded task placement and evidence retention
    # Subtest: reuses the recorded custom branch and checkout after title changes, preserving existing work
    ok 1 - reuses the recorded custom branch and checkout after title changes, preserving existing work
      ---
      duration_ms: 234.807295
      type: 'test'
      ...
    # Subtest: rejects wrong repository, branch mismatch and another active task writer
    ok 2 - rejects wrong repository, branch mismatch and another active task writer
      ---
      duration_ms: 275.424067
      type: 'test'
      ...
    # Subtest: creates a fresh branch from configured integration state, not the caller's HEAD
    ok 3 - creates a fresh branch from configured integration state, not the caller's HEAD
      ---
      duration_ms: 222.804282
      type: 'test'
      ...
    # Subtest: never removes workflow evidence before producer preservation is verified, even with force
    ok 4 - never removes workflow evidence before producer preservation is verified, even with force
      ---
      duration_ms: 235.385265
      type: 'test'
      ...
    1..4
ok 476 - recorded task placement and evidence retention
  ---
  duration_ms: 969.572058
  type: 'suite'
  ...
# Subtest: naming
    # Subtest: puts a worktree under the store's worktrees dir, named by id and slug
    ok 1 - puts a worktree under the store's worktrees dir, named by id and slug
      ---
      duration_ms: 0.403163
      type: 'test'
      ...
    # Subtest: prefixes branches with tm/ unless config says otherwise
    ok 2 - prefixes branches with tm/ unless config says otherwise
      ---
      duration_ms: 0.18189
      type: 'test'
      ...
    1..2
ok 477 - naming
  ---
  duration_ms: 0.807871
  type: 'suite'
  ...
# Subtest: applyShares
    # Subtest: symlinks node_modules at the main checkout, so nothing is re-downloaded
    ok 1 - symlinks node_modules at the main checkout, so nothing is re-downloaded
      ---
      duration_ms: 84.795344
      type: 'test'
      ...
    # Subtest: copies .env so per-worktree edits stay local
    ok 2 - copies .env so per-worktree edits stay local
      ---
      duration_ms: 109.909037
      type: 'test'
      ...
    # Subtest: hardlinks a tree without copying its bytes
    ok 3 - hardlinks a tree without copying its bytes
      ---
      duration_ms: 97.89688
      type: 'test'
      ...
    # Subtest: refuses to share a git-tracked path — a symlink over one is a committable type change
    ok 4 - refuses to share a git-tracked path — a symlink over one is a committable type change
      ---
      duration_ms: 75.186552
      type: 'test'
      ...
    # Subtest: refuses to clobber a path that already exists in the worktree
    ok 5 - refuses to clobber a path that already exists in the worktree
      ---
      duration_ms: 69.059432
      type: 'test'
      ...
    # Subtest: skips a missing source quietly — not every repo has a .env
    ok 6 - skips a missing source quietly — not every repo has a .env
      ---
      duration_ms: 56.05681
      type: 'test'
      ...
    # Subtest: expands **/node_modules to every workspace package, never recursing into a match
    ok 7 - expands **/node_modules to every workspace package, never recursing into a match
      ---
      duration_ms: 87.783463
      type: 'test'
      ...
    1..7
ok 478 - applyShares
  ---
  duration_ms: 581.715381
  type: 'suite'
  ...
# Subtest: unlinkShares
    # Subtest: removes the shares and leaves the main checkout whole
    ok 1 - removes the shares and leaves the main checkout whole
      ---
      duration_ms: 108.412633
      type: 'test'
      ...
    # Subtest: is a no-op on a worktree that was never shared
    ok 2 - is a no-op on a worktree that was never shared
      ---
      duration_ms: 53.098933
      type: 'test'
      ...
    1..2
ok 479 - unlinkShares
  ---
  duration_ms: 161.699719
  type: 'suite'
  ...
# Subtest: tm's own worktree artifacts never dirty the checkout
    # Subtest: excludes the dispatch prompt at creation, even with sharing off
    ok 1 - excludes the dispatch prompt at creation, even with sharing off
      ---
      duration_ms: 75.99732
      type: 'test'
      ...
    # Subtest: excludes a share the worktree already had, which applyShares does not place
    ok 2 - excludes a share the worktree already had, which applyShares does not place
      ---
      duration_ms: 67.902605
      type: 'test'
      ...
    1..2
ok 480 - tm's own worktree artifacts never dirty the checkout
  ---
  duration_ms: 145.750628
  type: 'suite'
  ...
1..480
# tests 1665
# suites 394
# pass 1650
# fail 15
# cancelled 0
# skipped 0
# todo 0
# duration_ms 17740.870598
